Workbook

Sheet dashboard
A1: 次の番号 / 登録ダッシュボード（自動計算）
A3: line_id | B3: colony数 | C3: 最大番号 | D3: 次のbirth_id | E3: 若♂(週) | F3: 若♀(週)
A4: =lines!A2 -> wt | B4: =COUNTIF(colony!$B:$B,A4) -> 192 | C4: =SUMPRODUCT(MAX((colony!$B$2:$B$3000=A4)*colony!$C$2:$C$3000)) -> 192 | D4: =IF(A4="","",A4&"-"&(C4+1)) -> wt-193 | E4: =IF(SUMPRODUCT(MAX((colony!$B$2:$B$3000=A4)*(colony!$D$2:$D$3000="M")*(colony!$R$2:$R$3000<>"sacrificed")*(colony!$R$2:$R$3000<>"dead")*(colony!$R$2:$R$3000<>"transferred")*(colony!$R$2:$R$3000<>"missing")*colony!$E$2:$E$3000))=0,"-",ROUND((TODAY()-SUMPRODUCT(MAX((colony!$B$2:$B$3000=A4)*(colony!$D$2:$D$3000="M")*(colony!$R$2:$R$3000<>"sacrificed")*(colony!$R$2:$R$3000<>"dead")*(colony!$R$2:$R$3000<>"transferred")*(colony!$R$2:$R$3000<>"missing")*colony!$E$2:$E$3000)))/7,1)) -> 8.6 | F4: =IF(SUMPRODUCT(MAX((colony!$B$2:$B$3000=A4)*(colony!$D$2:$D$3000="F")*(colony!$R$2:$R$3000<>"sacrificed")*(colony!$R$2:$R$3000<>"dead")*(colony!$R$2:$R$3000<>"transferred")*(colony!$R$2:$R$3000<>"missing")*colony!$E$2:$E$3000))=0,"-",ROUND((TODAY()-SUMPRODUCT(MAX((colony!$B$2:$B$3000=A4)*(colony!$D$2:$D$3000="F")*(colony!$R$2:$R$3000<>"sacrificed")*(colony!$R$2:$R$3000<>"dead")*(colony!$R$2:$R$3000<>"transferred")*(colony!$R$2:$R$3000<>"missing")*colony!$E$2:$E$3000)))/7,1)) -> 15.6
A5: =lines!A3 -> aqp4ko | B5: =COUNTIF(colony!$B:$B,A5) -> 121 | C5: =SUMPRODUCT(MAX((colony!$B$2:$B$3000=A5)*colony!$C$2:$C$3000)) -> 121 | D5: =IF(A5="","",A5&"-"&(C5+1)) -> aqp4ko-122 | E5: =IF(SUMPRODUCT(MAX((colony!$B$2:$B$3000=A5)*(colony!$D$2:$D$3000="M")*(colony!$R$2:$R$3000<>"sacrificed")*(colony!$R$2:$R$3000<>"dead")*(colony!$R$2:$R$3000<>"transferred")*(colony!$R$2:$R$3000<>"missing")*colony!$E$2:$E$3000))=0,"-",ROUND((TODAY()-SUMPRODUCT(MAX((colony!$B$2:$B$3000=A5)*(colony!$D$2:$D$3000="M")*(colony!$R$2:$R$3000<>"sacrificed")*(colony!$R$2:$R$3000<>"dead")*(colony!$R$2:$R$3000<>"transferred")*(colony!$R$2:$R$3000<>"missing")*colony!$E$2:$E$3000)))/7,1)) -> 19 | F5: =IF(SUMPRODUCT(MAX((colony!$B$2:$B$3000=A5)*(colony!$D$2:$D$3000="F")*(colony!$R$2:$R$3000<>"sacrificed")*(colony!$R$2:$R$3000<>"dead")*(colony!$R$2:$R$3000<>"transferred")*(colony!$R$2:$R$3000<>"missing")*colony!$E$2:$E$3000))=0,"-",ROUND((TODAY()-SUMPRODUCT(MAX((colony!$B$2:$B$3000=A5)*(colony!$D$2:$D$3000="F")*(colony!$R$2:$R$3000<>"sacrificed")*(colony!$R$2:$R$3000<>"dead")*(colony!$R$2:$R$3000<>"transferred")*(colony!$R$2:$R$3000<>"missing")*colony!$E$2:$E$3000)))/7,1)) -> 19
A6: =lines!A4 -> cagegfp | B6: =COUNTIF(colony!$B:$B,A6) -> 150 | C6: =SUMPRODUCT(MAX((colony!$B$2:$B$3000=A6)*colony!$C$2:$C$3000)) -> 150 | D6: =IF(A6="","",A6&"-"&(C6+1)) -> cagegfp-151 | E6: =IF(SUMPRODUCT(MAX((colony!$B$2:$B$3000=A6)*(colony!$D$2:$D$3000="M")*(colony!$R$2:$R$3000<>"sacrificed")*(colony!$R$2:$R$3000<>"dead")*(colony!$R$2:$R$3000<>"transferred")*(colony!$R$2:$R$3000<>"missing")*colony!$E$2:$E$3000))=0,"-",ROUND((TODAY()-SUMPRODUCT(MAX((colony!$B$2:$B$3000=A6)*(colony!$D$2:$D$3000="M")*(colony!$R$2:$R$3000<>"sacrificed")*(colony!$R$2:$R$3000<>"dead")*(colony!$R$2:$R$3000<>"transferred")*(colony!$R$2:$R$3000<>"missing")*colony!$E$2:$E$3000)))/7,1)) -> 17.1 | F6: =IF(SUMPRODUCT(MAX((colony!$B$2:$B$3000=A6)*(colony!$D$2:$D$3000="F")*(colony!$R$2:$R$3000<>"sacrificed")*(colony!$R$2:$R$3000<>"dead")*(colony!$R$2:$R$3000<>"transferred")*(colony!$R$2:$R$3000<>"missing")*colony!$E$2:$E$3000))=0,"-",ROUND((TODAY()-SUMPRODUCT(MAX((colony!$B$2:$B$3000=A6)*(colony!$D$2:$D$3000="F")*(colony!$R$2:$R$3000<>"sacrificed")*(colony!$R$2:$R$3000<>"dead")*(colony!$R$2:$R$3000<>"transferred")*(colony!$R$2:$R$3000<>"missing")*colony!$E$2:$E$3000)))/7,1)) -> 25.4
A7: =lines!A5 -> cagegfp_aqp4ko | B7: =COUNTIF(colony!$B:$B,A7) -> 121 | C7: =SUMPRODUCT(MAX((colony!$B$2:$B$3000=A7)*colony!$C$2:$C$3000)) -> 121 | D7: =IF(A7="","",A7&"-"&(C7+1)) -> cagegfp_aqp4ko-122 | E7: =IF(SUMPRODUCT(MAX((colony!$B$2:$B$3000=A7)*(colony!$D$2:$D$3000="M")*(colony!$R$2:$R$3000<>"sacrificed")*(colony!$R$2:$R$3000<>"dead")*(colony!$R$2:$R$3000<>"transferred")*(colony!$R$2:$R$3000<>"missing")*colony!$E$2:$E$3000))=0,"-",ROUND((TODAY()-SUMPRODUCT(MAX((colony!$B$2:$B$3000=A7)*(colony!$D$2:$D$3000="M")*(colony!$R$2:$R$3000<>"sacrificed")*(colony!$R$2:$R$3000<>"dead")*(colony!$R$2:$R$3000<>"transferred")*(colony!$R$2:$R$3000<>"missing")*colony!$E$2:$E$3000)))/7,1)) -> 13.7 | F7: =IF(SUMPRODUCT(MAX((colony!$B$2:$B$3000=A7)*(colony!$D$2:$D$3000="F")*(colony!$R$2:$R$3000<>"sacrificed")*(colony!$R$2:$R$3000<>"dead")*(colony!$R$2:$R$3000<>"transferred")*(colony!$R$2:$R$3000<>"missing")*colony!$E$2:$E$3000))=0,"-",ROUND((TODAY()-SUMPRODUCT(MAX((colony!$B$2:$B$3000=A7)*(colony!$D$2:$D$3000="F")*(colony!$R$2:$R$3000<>"sacrificed")*(colony!$R$2:$R$3000<>"dead")*(colony!$R$2:$R$3000<>"transferred")*(colony!$R$2:$R$3000<>"missing")*colony!$E$2:$E$3000)))/7,1)) -> 13.7
A8: =lines!A6 -> 5xfad | B8: =COUNTIF(colony!$B:$B,A8) -> 138 | C8: =SUMPRODUCT(MAX((colony!$B$2:$B$3000=A8)*colony!$C$2:$C$3000)) -> 138 | D8: =IF(A8="","",A8&"-"&(C8+1)) -> 5xfad-139 | E8: =IF(SUMPRODUCT(MAX((colony!$B$2:$B$3000=A8)*(colony!$D$2:$D$3000="M")*(colony!$R$2:$R$3000<>"sacrificed")*(colony!$R$2:$R$3000<>"dead")*(colony!$R$2:$R$3000<>"transferred")*(colony!$R$2:$R$3000<>"missing")*colony!$E$2:$E$3000))=0,"-",ROUND((TODAY()-SUMPRODUCT(MAX((colony!$B$2:$B$3000=A8)*(colony!$D$2:$D$3000="M")*(colony!$R$2:$R$3000<>"sacrificed")*(colony!$R$2:$R$3000<>"dead")*(colony!$R$2:$R$3000<>"transferred")*(colony!$R$2:$R$3000<>"missing")*colony!$E$2:$E$3000)))/7,1)) -> 34.1 | F8: =IF(SUMPRODUCT(MAX((colony!$B$2:$B$3000=A8)*(colony!$D$2:$D$3000="F")*(colony!$R$2:$R$3000<>"sacrificed")*(colony!$R$2:$R$3000<>"dead")*(colony!$R$2:$R$3000<>"transferred")*(colony!$R$2:$R$3000<>"missing")*colony!$E$2:$E$3000))=0,"-",ROUND((TODAY()-SUMPRODUCT(MAX((colony!$B$2:$B$3000=A8)*(colony!$D$2:$D$3000="F")*(colony!$R$2:$R$3000<>"sacrificed")*(colony!$R$2:$R$3000<>"dead")*(colony!$R$2:$R$3000<>"transferred")*(colony!$R$2:$R$3000<>"missing")*colony!$E$2:$E$3000)))/7,1)) -> 34.1
A9: =lines!A7 -> 5xfad_aqp4ko | B9: =COUNTIF(colony!$B:$B,A9) -> 99 | C9: =SUMPRODUCT(MAX((colony!$B$2:$B$3000=A9)*colony!$C$2:$C$3000)) -> 99 | D9: =IF(A9="","",A9&"-"&(C9+1)) -> 5xfad_aqp4ko-100 | E9: =IF(SUMPRODUCT(MAX((colony!$B$2:$B$3000=A9)*(colony!$D$2:$D$3000="M")*(colony!$R$2:$R$3000<>"sacrificed")*(colony!$R$2:$R$3000<>"dead")*(colony!$R$2:$R$3000<>"transferred")*(colony!$R$2:$R$3000<>"missing")*colony!$E$2:$E$3000))=0,"-",ROUND((TODAY()-SUMPRODUCT(MAX((colony!$B$2:$B$3000=A9)*(colony!$D$2:$D$3000="M")*(colony!$R$2:$R$3000<>"sacrificed")*(colony!$R$2:$R$3000<>"dead")*(colony!$R$2:$R$3000<>"transferred")*(colony!$R$2:$R$3000<>"missing")*colony!$E$2:$E$3000)))/7,1)) -> 34 | F9: =IF(SUMPRODUCT(MAX((colony!$B$2:$B$3000=A9)*(colony!$D$2:$D$3000="F")*(colony!$R$2:$R$3000<>"sacrificed")*(colony!$R$2:$R$3000<>"dead")*(colony!$R$2:$R$3000<>"transferred")*(colony!$R$2:$R$3000<>"missing")*colony!$E$2:$E$3000))=0,"-",ROUND((TODAY()-SUMPRODUCT(MAX((colony!$B$2:$B$3000=A9)*(colony!$D$2:$D$3000="F")*(colony!$R$2:$R$3000<>"sacrificed")*(colony!$R$2:$R$3000<>"dead")*(colony!$R$2:$R$3000<>"transferred")*(colony!$R$2:$R$3000<>"missing")*colony!$E$2:$E$3000)))/7,1)) -> 34
A11: 担当 | B11: animals数 | C11: 最大連番 | D11: 次のmouse_id
A12: ts | B12: =SUMPRODUCT((LEFT(animals!$A$2:$A$600,2)=A12)*1) -> 300 | C12: =SUMPRODUCT(MAX((LEFT(animals!$A$2:$A$600,2)=A12)*IFERROR(VALUE(MID(animals!$A$2:$A$600,3,9)),0))) -> 300 | D12: =A12&(C12+1) -> ts301
A13: sk | B13: =SUMPRODUCT((LEFT(animals!$A$2:$A$600,2)=A13)*1) -> 100 | C13: =SUMPRODUCT(MAX((LEFT(animals!$A$2:$A$600,2)=A13)*IFERROR(VALUE(MID(animals!$A$2:$A$600,3,9)),0))) -> 100 | D13: =A13&(C13+1) -> sk101
A16: colony総数 | B16: =COUNTA(colony!$A$2:$A$3000) -> 821
A17: alive | B17: =COUNTIF(colony!$R:$R,"alive") -> 159
A18: genotyping pending | B18: =COUNTIF(colony!$Q:$Q,"pending") -> 67
A19: enrolled animals | B19: =COUNTA(animals!$A$2:$A$600) -> 400
A20: enrollment 行数 | B20: =COUNTA(enrollments!$A$2:$A$500) -> 0

Sheet vocab
A1: sex | B1: genotype_status | C1: genotype_call | D1: animal_status | E1: exp_status | F1: role | G1: source | H1: mating_status | I1: cohort | J1: procedure_type | K1: route | L1: anesthesia | M1: hemisphere | N1: fixation | O1: operator
A2: M | B2: pending | C2: +/+ | D2: alive | E2: planned | F2: experimental | G2: in_house | H2: paired | I2: personal | J2: cranial_window | K2: iv | L2: isoflurane | M2: R | N2: none | O2: ts
A3: F | B3: confirmed | C3: +/- | D3: breeding | E3: active | F3: control | G3: vendor | H3: littered | I3: collab | J3: PoRTs_window | K3: icm | L3: ketamine_xylazine | M3: L | N3: PFA_perfusion | O3: sk
A4: U | B4: failed | C4: -/- | D4: nursing | E4: completed | F4: littermate_control | H4: weaned | J4: craniotomy | K4: intracortical | L4: avertin | M4: midline | N4: immersion
B5: retest | C5: + | D5: mating | E5: excluded | F5: naive | H5: ended | J5: viral_injection | K5: ip | L5: urethane | N5: other
B6: na | C6: - | D6: mating_planned | J6: CM_injection | K6: sc | L6: other
C7: na | D7: weaned | J7: ICM_injection | K7: none
D8: sacrificed | J8: CSF_collection
D9: dead | J9: femoral_catheter
D10: transferred | J10: perfusion_fix
D11: missing | J11: tissue_clearing
J12: brain_sampling
J13: imaging
J14: genotyping_biopsy
J15: other

Sheet lines
A1: line_id | B1: line_name | C1: genotype_expected | D1: background | E1: source | F1: assays | G1: notes
A2: wt | B2: wild-type B6 | C2: +/+ | D2: C57BL/6JJcl | E2: vendor | G2: CLEA
A3: aqp4ko | B3: Aqp4 KO | C3: Aqp4 -/- | D3: C57BL/6J | E3: in_house | F3: aqp4 | G3: KO
A4: cagegfp | B4: CAG-EGFP Tg | C4: Tg(CAG-EGFP) | D4: C57BL/6 | E4: vendor | F4: cagegfp | G4: RIKEN
A5: cagegfp_aqp4ko | B5: CAG-EGFP x Aqp4KO | C5: CAG-EGFP;Aqp4-/- | D5: C57BL/6 | E5: in_house | F5: cagegfp,aqp4 | G5: cross
A6: 5xfad | B6: 5xFAD Tg | C6: 5xFAD hemi | D6: C57BL/6 | E6: vendor | F6: app,ps1 | G6: Jackson
A7: 5xfad_aqp4ko | B7: 5xFAD x Aqp4KO | C7: 5xFAD;Aqp4-/- | D7: C57BL/6 | E7: in_house | F7: app,ps1,aqp4 | G7: cross

Sheet colony
A1: birth_id | B1: line_id | C1: number | D1: sex | E1: dob | F1: age_weeks | G1: source | H1: litter_id | I1: sire | J1: dam | K1: generation | L1: gt_app | M1: gt_ps1 | N1: gt_aqp4 | O1: gt_cagegfp | P1: genotype | Q1: genotype_status | R1: status | S1: status_date | T1: notes
A2: 5xfad-112 | B2: 5xfad | C2: 112 | D2: M | E2: 45832 | F2: =IF(E2="","",ROUND((TODAY()-E2)/7,1)) -> 50.7 | G2: in_house | I2: 108or109or110 | J2: 5xFAD-95(WT) | K2: 5 | L2: -/- | M2: -/- | P2: =MID(IF(L2="","","; APP:"&L2)&IF(M2="","","; PS1:"&M2)&IF(N2="","","; AQP4:"&N2)&IF(O2="","","; CAG-EGFP:"&O2),3,200) -> APP:-/-; PS1:-/- | Q2: confirmed | R2: alive | T2: tag:Punch
A3: 5xfad-113 | B3: 5xfad | C3: 113 | D3: M | E3: 45832 | F3: =IF(E3="","",ROUND((TODAY()-E3)/7,1)) -> 50.7 | G3: in_house | I3: 108or109or110 | J3: 5xFAD-95(WT) | K3: 5 | L3: +/- | M3: +/- | P3: =MID(IF(L3="","","; APP:"&L3)&IF(M3="","","; PS1:"&M3)&IF(N3="","","; AQP4:"&N3)&IF(O3="","","; CAG-EGFP:"&O3),3,200) -> APP:+/-; PS1:+/- | Q3: confirmed | R3: alive | T3: tag:Punch
A4: 5xfad-114 | B4: 5xfad | C4: 114 | D4: F | E4: 45832 | F4: =IF(E4="","",ROUND((TODAY()-E4)/7,1)) -> 50.7 | G4: in_house | I4: 108or109or110 | J4: 5xFAD-95(WT) | K4: 5 | L4: +/- | M4: +/- | P4: =MID(IF(L4="","","; APP:"&L4)&IF(M4="","","; PS1:"&M4)&IF(N4="","","; AQP4:"&N4)&IF(O4="","","; CAG-EGFP:"&O4),3,200) -> APP:+/-; PS1:+/- | Q4: confirmed | R4: alive | T4: →Nuriya G tag:Punch orig:実験中
A5: 5xfad-115 | B5: 5xfad | C5: 115 | D5: F | E5: 45832 | F5: =IF(E5="","",ROUND((TODAY()-E5)/7,1)) -> 50.7 | G5: in_house | I5: 108or109or110 | J5: 5xFAD-95(WT) | K5: 5 | L5: -/- | M5: -/- | P5: =MID(IF(L5="","","; APP:"&L5)&IF(M5="","","; PS1:"&M5)&IF(N5="","","; AQP4:"&N5)&IF(O5="","","; CAG-EGFP:"&O5),3,200) -> APP:-/-; PS1:-/- | Q5: confirmed | R5: alive | T5: →Nuriya G tag:Punch
A6: 5xfad-116 | B6: 5xfad | C6: 116 | D6: F | E6: 45832 | F6: =IF(E6="","",ROUND((TODAY()-E6)/7,1)) -> 50.7 | G6: in_house | I6: 108or109or110 | J6: 5xFAD-95(WT) | K6: 5 | L6: -/- | M6: -/- | P6: =MID(IF(L6="","","; APP:"&L6)&IF(M6="","","; PS1:"&M6)&IF(N6="","","; AQP4:"&N6)&IF(O6="","","; CAG-EGFP:"&O6),3,200) -> APP:-/-; PS1:-/- | Q6: confirmed | R6: alive | T6: tag:Punch orig:実験中
A7: 5xfad-117 | B7: 5xfad | C7: 117 | D7: F | E7: 45832 | F7: =IF(E7="","",ROUND((TODAY()-E7)/7,1)) -> 50.7 | G7: in_house | I7: 108or109or110 | J7: 5xFAD-95(WT) | K7: 5 | L7: +/- | M7: +/- | P7: =MID(IF(L7="","","; APP:"&L7)&IF(M7="","","; PS1:"&M7)&IF(N7="","","; AQP4:"&N7)&IF(O7="","","; CAG-EGFP:"&O7),3,200) -> APP:+/-; PS1:+/- | Q7: confirmed | R7: alive | T7: tag:Punch
A8: 5xfad-118 | B8: 5xfad | C8: 118 | D8: F | E8: 45832 | F8: =IF(E8="","",ROUND((TODAY()-E8)/7,1)) -> 50.7 | G8: in_house | I8: 108or109or110 | J8: 5xFAD-95(WT) | K8: 5 | L8: +/- | M8: +/- | P8: =MID(IF(L8="","","; APP:"&L8)&IF(M8="","","; PS1:"&M8)&IF(N8="","","; AQP4:"&N8)&IF(O8="","","; CAG-EGFP:"&O8),3,200) -> APP:+/-; PS1:+/- | Q8: confirmed | R8: alive | T8: tag:Punch
A9: 5xfad-119 | B9: 5xfad | C9: 119 | D9: F | E9: 45832 | F9: =IF(E9="","",ROUND((TODAY()-E9)/7,1)) -> 50.7 | G9: in_house | I9: 108or109or110 | J9: 5xFAD-95(WT) | K9: 5 | L9: +/- | M9: +/- | P9: =MID(IF(L9="","","; APP:"&L9)&IF(M9="","","; PS1:"&M9)&IF(N9="","","; AQP4:"&N9)&IF(O9="","","; CAG-EGFP:"&O9),3,200) -> APP:+/-; PS1:+/- | Q9: confirmed | R9: alive | T9: tag:Punch
A10: 5xfad-120 | B10: 5xfad | C10: 120 | D10: M | E10: 45948 | F10: =IF(E10="","",ROUND((TODAY()-E10)/7,1)) -> 34.1 | G10: in_house | I10: 5xFAD 102 | J10: WT 130 | L10: +/- | M10: +/- | P10: =MID(IF(L10="","","; APP:"&L10)&IF(M10="","","; PS1:"&M10)&IF(N10="","","; AQP4:"&N10)&IF(O10="","","; CAG-EGFP:"&O10),3,200) -> APP:+/-; PS1:+/- | Q10: confirmed | R10: alive | T10: 5 x FAD x AQP4KO交配用→5xFAD交配→260528交配終了 tag:Punch
A11: 5xfad-121 | B11: 5xfad | C11: 121 | D11: M | E11: 45948 | F11: =IF(E11="","",ROUND((TODAY()-E11)/7,1)) -> 34.1 | G11: in_house | I11: 5xFAD 102 | J11: WT 130 | L11: +/- | M11: +/- | P11: =MID(IF(L11="","","; APP:"&L11)&IF(M11="","","; PS1:"&M11)&IF(N11="","","; AQP4:"&N11)&IF(O11="","","; CAG-EGFP:"&O11),3,200) -> APP:+/-; PS1:+/- | Q11: confirmed | R11: alive | T11: 5 x FAD x AQP4KO交配用→5xFAD交配→260601交配終了 tag:Punch
A12: 5xfad-122 | B12: 5xfad | C12: 122 | D12: M | E12: 45948 | F12: =IF(E12="","",ROUND((TODAY()-E12)/7,1)) -> 34.1 | G12: in_house | I12: 5xFAD 102 | J12: WT 130 | L12: -/- | M12: -/- | P12: =MID(IF(L12="","","; APP:"&L12)&IF(M12="","","; PS1:"&M12)&IF(N12="","","; AQP4:"&N12)&IF(O12="","","; CAG-EGFP:"&O12),3,200) -> APP:-/-; PS1:-/- | Q12: confirmed | R12: alive | T12: tag:Punch
A13: 5xfad-123 | B13: 5xfad | C13: 123 | D13: F | E13: 45948 | F13: =IF(E13="","",ROUND((TODAY()-E13)/7,1)) -> 34.1 | G13: in_house | I13: 5xFAD 102 | J13: WT 130 | L13: -/- | M13: -/- | P13: =MID(IF(L13="","","; APP:"&L13)&IF(M13="","","; PS1:"&M13)&IF(N13="","","; AQP4:"&N13)&IF(O13="","","; CAG-EGFP:"&O13),3,200) -> APP:-/-; PS1:-/- | Q13: confirmed | R13: alive | T13: tag:Punch
A14: 5xfad-124 | B14: 5xfad | C14: 124 | D14: F | E14: 45948 | F14: =IF(E14="","",ROUND((TODAY()-E14)/7,1)) -> 34.1 | G14: in_house | I14: 5xFAD 102 | J14: WT 130 | L14: +/- | M14: +/- | P14: =MID(IF(L14="","","; APP:"&L14)&IF(M14="","","; PS1:"&M14)&IF(N14="","","; AQP4:"&N14)&IF(O14="","","; CAG-EGFP:"&O14),3,200) -> APP:+/-; PS1:+/- | Q14: confirmed | R14: alive | T14: 右目開いてない、左目白内障 tag:Punch orig:実験中
A15: 5xfad-125 | B15: 5xfad | C15: 125 | D15: F | E15: 45948 | F15: =IF(E15="","",ROUND((TODAY()-E15)/7,1)) -> 34.1 | G15: in_house | I15: 5xFAD 102 | J15: WT 130 | L15: -/- | M15: -/- | P15: =MID(IF(L15="","","; APP:"&L15)&IF(M15="","","; PS1:"&M15)&IF(N15="","","; AQP4:"&N15)&IF(O15="","","; CAG-EGFP:"&O15),3,200) -> APP:-/-; PS1:-/- | Q15: confirmed | R15: alive | T15: tag:Punch orig:実験中
A16: 5xfad-126 | B16: 5xfad | C16: 126 | E16: 46175 | F16: =IF(E16="","",ROUND((TODAY()-E16)/7,1)) -> 1.7 | G16: in_house | I16: 5xFAD 120 | J16: WT 181 | P16: =MID(IF(L16="","","; APP:"&L16)&IF(M16="","","; PS1:"&M16)&IF(N16="","","; AQP4:"&N16)&IF(O16="","","; CAG-EGFP:"&O16),3,200) | Q16: pending | R16: alive
A17: 5xfad-127 | B17: 5xfad | C17: 127 | E17: 46175 | F17: =IF(E17="","",ROUND((TODAY()-E17)/7,1)) -> 1.7 | G17: in_house | I17: 5xFAD 120 | J17: WT 181 | P17: =MID(IF(L17="","","; APP:"&L17)&IF(M17="","","; PS1:"&M17)&IF(N17="","","; AQP4:"&N17)&IF(O17="","","; CAG-EGFP:"&O17),3,200) | Q17: pending | R17: alive
A18: 5xfad-128 | B18: 5xfad | C18: 128 | E18: 46175 | F18: =IF(E18="","",ROUND((TODAY()-E18)/7,1)) -> 1.7 | G18: in_house | I18: 5xFAD 120 | J18: WT 181 | P18: =MID(IF(L18="","","; APP:"&L18)&IF(M18="","","; PS1:"&M18)&IF(N18="","","; AQP4:"&N18)&IF(O18="","","; CAG-EGFP:"&O18),3,200) | Q18: pending | R18: alive
A19: 5xfad-129 | B19: 5xfad | C19: 129 | E19: 46175 | F19: =IF(E19="","",ROUND((TODAY()-E19)/7,1)) -> 1.7 | G19: in_house | I19: 5xFAD 120 | J19: WT 181 | P19: =MID(IF(L19="","","; APP:"&L19)&IF(M19="","","; PS1:"&M19)&IF(N19="","","; AQP4:"&N19)&IF(O19="","","; CAG-EGFP:"&O19),3,200) | Q19: pending | R19: alive
A20: 5xfad-130 | B20: 5xfad | C20: 130 | E20: 46175 | F20: =IF(E20="","",ROUND((TODAY()-E20)/7,1)) -> 1.7 | G20: in_house | I20: 5xFAD 120 | J20: WT 181 | P20: =MID(IF(L20="","","; APP:"&L20)&IF(M20="","","; PS1:"&M20)&IF(N20="","","; AQP4:"&N20)&IF(O20="","","; CAG-EGFP:"&O20),3,200) | Q20: pending | R20: alive
A21: 5xfad-131 | B21: 5xfad | C21: 131 | E21: 46175 | F21: =IF(E21="","",ROUND((TODAY()-E21)/7,1)) -> 1.7 | G21: in_house | I21: 5xFAD 120 | J21: WT 181 | P21: =MID(IF(L21="","","; APP:"&L21)&IF(M21="","","; PS1:"&M21)&IF(N21="","","; AQP4:"&N21)&IF(O21="","","; CAG-EGFP:"&O21),3,200) | Q21: pending | R21: alive
A22: 5xfad-132 | B22: 5xfad | C22: 132 | E22: 46175 | F22: =IF(E22="","",ROUND((TODAY()-E22)/7,1)) -> 1.7 | G22: in_house | I22: 5xFAD 120 | J22: WT 181 | P22: =MID(IF(L22="","","; APP:"&L22)&IF(M22="","","; PS1:"&M22)&IF(N22="","","; AQP4:"&N22)&IF(O22="","","; CAG-EGFP:"&O22),3,200) | Q22: pending | R22: alive
A23: 5xfad-133 | B23: 5xfad | C23: 133 | E23: 46175 | F23: =IF(E23="","",ROUND((TODAY()-E23)/7,1)) -> 1.7 | G23: in_house | I23: 5xFAD 120 | J23: WT 181 | P23: =MID(IF(L23="","","; APP:"&L23)&IF(M23="","","; PS1:"&M23)&IF(N23="","","; AQP4:"&N23)&IF(O23="","","; CAG-EGFP:"&O23),3,200) | Q23: pending | R23: alive
A24: 5xfad-134 | B24: 5xfad | C24: 134 | E24: 46175 | F24: =IF(E24="","",ROUND((TODAY()-E24)/7,1)) -> 1.7 | G24: in_house | I24: 5xFAD 120 | J24: WT 181 | P24: =MID(IF(L24="","","; APP:"&L24)&IF(M24="","","; PS1:"&M24)&IF(N24="","","; AQP4:"&N24)&IF(O24="","","; CAG-EGFP:"&O24),3,200) | Q24: pending | R24: alive
A25: 5xfad-135 | B25: 5xfad | C25: 135 | E25: 46179 | F25: =IF(E25="","",ROUND((TODAY()-E25)/7,1)) -> 1.1 | G25: in_house | I25: 5xFAD 121 | J25: WT 182 | P25: =MID(IF(L25="","","; APP:"&L25)&IF(M25="","","; PS1:"&M25)&IF(N25="","","; AQP4:"&N25)&IF(O25="","","; CAG-EGFP:"&O25),3,200) | Q25: pending | R25: alive
A26: 5xfad-136 | B26: 5xfad | C26: 136 | E26: 46179 | F26: =IF(E26="","",ROUND((TODAY()-E26)/7,1)) -> 1.1 | G26: in_house | I26: 5xFAD 121 | J26: WT 182 | P26: =MID(IF(L26="","","; APP:"&L26)&IF(M26="","","; PS1:"&M26)&IF(N26="","","; AQP4:"&N26)&IF(O26="","","; CAG-EGFP:"&O26),3,200) | Q26: pending | R26: alive
A27: 5xfad-137 | B27: 5xfad | C27: 137 | E27: 46179 | F27: =IF(E27="","",ROUND((TODAY()-E27)/7,1)) -> 1.1 | G27: in_house | I27: 5xFAD 121 | J27: WT 182 | P27: =MID(IF(L27="","","; APP:"&L27)&IF(M27="","","; PS1:"&M27)&IF(N27="","","; AQP4:"&N27)&IF(O27="","","; CAG-EGFP:"&O27),3,200) | Q27: pending | R27: alive
A28: 5xfad-138 | B28: 5xfad | C28: 138 | E28: 46179 | F28: =IF(E28="","",ROUND((TODAY()-E28)/7,1)) -> 1.1 | G28: in_house | I28: 5xFAD 121 | J28: WT 182 | P28: =MID(IF(L28="","","; APP:"&L28)&IF(M28="","","; PS1:"&M28)&IF(N28="","","; AQP4:"&N28)&IF(O28="","","; CAG-EGFP:"&O28),3,200) | Q28: pending | R28: alive
A29: 5xfad-1 | B29: 5xfad | C29: 1 | D29: M | E29: 44991 | F29: =IF(E29="","",ROUND((TODAY()-E29)/7,1)) -> 170.9 | G29: vendor | I29: 5xFAD | J29: WT | K29: 1 | L29: +/- | M29: +/- | P29: =MID(IF(L29="","","; APP:"&L29)&IF(M29="","","; PS1:"&M29)&IF(N29="","","; AQP4:"&N29)&IF(O29="","","; CAG-EGFP:"&O29),3,200) -> APP:+/-; PS1:+/- | Q29: confirmed | R29: sacrificed | T29: Jacksonから購入（2023/6/22）
A30: 5xfad-2 | B30: 5xfad | C30: 2 | D30: M | E30: 44991 | F30: =IF(E30="","",ROUND((TODAY()-E30)/7,1)) -> 170.9 | G30: vendor | I30: 5xFAD | J30: WT | K30: 1 | L30: +/- | M30: +/- | P30: =MID(IF(L30="","","; APP:"&L30)&IF(M30="","","; PS1:"&M30)&IF(N30="","","; AQP4:"&N30)&IF(O30="","","; CAG-EGFP:"&O30),3,200) -> APP:+/-; PS1:+/- | Q30: confirmed | R30: sacrificed | T30: Jacksonから購入（2023/6/22） tag:Green tag
A31: 5xfad-3 | B31: 5xfad | C31: 3 | D31: F | E31: 44991 | F31: =IF(E31="","",ROUND((TODAY()-E31)/7,1)) -> 170.9 | G31: vendor | I31: 5xFAD | J31: WT | K31: 1 | L31: +/- | M31: +/- | P31: =MID(IF(L31="","","; APP:"&L31)&IF(M31="","","; PS1:"&M31)&IF(N31="","","; AQP4:"&N31)&IF(O31="","","; CAG-EGFP:"&O31),3,200) -> APP:+/-; PS1:+/- | Q31: confirmed | R31: sacrificed | T31: Jacksonから購入（2023/8/23） tag:Orange tag
A32: 5xfad-4 | B32: 5xfad | C32: 4 | D32: F | E32: 44991 | F32: =IF(E32="","",ROUND((TODAY()-E32)/7,1)) -> 170.9 | G32: vendor | I32: 5xFAD | J32: WT | K32: 1 | L32: +/- | M32: +/- | P32: =MID(IF(L32="","","; APP:"&L32)&IF(M32="","","; PS1:"&M32)&IF(N32="","","; AQP4:"&N32)&IF(O32="","","; CAG-EGFP:"&O32),3,200) -> APP:+/-; PS1:+/- | Q32: confirmed | R32: sacrificed | T32: Jacksonから購入（2023/8/23） tag:Orange tag
A33: 5xfad-5 | B33: 5xfad | C33: 5 | D33: M | E33: 45235 | F33: =IF(E33="","",ROUND((TODAY()-E33)/7,1)) -> 136 | G33: in_house | I33: 5xFAD-1 | J33: 5xFAD-3 | K33: 2 | L33: +/- | M33: +/- | P33: =MID(IF(L33="","","; APP:"&L33)&IF(M33="","","; PS1:"&M33)&IF(N33="","","; AQP4:"&N33)&IF(O33="","","; CAG-EGFP:"&O33),3,200) -> APP:+/-; PS1:+/- | Q33: confirmed | R33: sacrificed | T33: Suntory（プレ実験）
A34: 5xfad-6 | B34: 5xfad | C34: 6 | D34: M | E34: 45235 | F34: =IF(E34="","",ROUND((TODAY()-E34)/7,1)) -> 136 | G34: in_house | I34: 5xFAD-1 | J34: 5xFAD-3 | K34: 2 | L34: -/- | M34: -/- | P34: =MID(IF(L34="","","; APP:"&L34)&IF(M34="","","; PS1:"&M34)&IF(N34="","","; AQP4:"&N34)&IF(O34="","","; CAG-EGFP:"&O34),3,200) -> APP:-/-; PS1:-/- | Q34: confirmed | R34: sacrificed | T34: tag:左1
A35: 5xfad-7 | B35: 5xfad | C35: 7 | D35: M | E35: 45235 | F35: =IF(E35="","",ROUND((TODAY()-E35)/7,1)) -> 136 | G35: in_house | I35: 5xFAD-1 | J35: 5xFAD-3 | K35: 2 | L35: +/- | M35: +/- | P35: =MID(IF(L35="","","; APP:"&L35)&IF(M35="","","; PS1:"&M35)&IF(N35="","","; AQP4:"&N35)&IF(O35="","","; CAG-EGFP:"&O35),3,200) -> APP:+/-; PS1:+/- | Q35: confirmed | R35: sacrificed | T35: Suntory（プレ実験） tag:右1
A36: 5xfad-8 | B36: 5xfad | C36: 8 | D36: M | E36: 45235 | F36: =IF(E36="","",ROUND((TODAY()-E36)/7,1)) -> 136 | G36: in_house | I36: 5xFAD-1 | J36: 5xFAD-3 | K36: 2 | L36: +/- | M36: +/- | P36: =MID(IF(L36="","","; APP:"&L36)&IF(M36="","","; PS1:"&M36)&IF(N36="","","; AQP4:"&N36)&IF(O36="","","; CAG-EGFP:"&O36),3,200) -> APP:+/-; PS1:+/- | Q36: confirmed | R36: sacrificed | T36: Suntory（プレ実験） tag:左1右1
A37: 5xfad-9 | B37: 5xfad | C37: 9 | D37: M | E37: 45235 | F37: =IF(E37="","",ROUND((TODAY()-E37)/7,1)) -> 136 | G37: in_house | I37: 5xFAD-1 | J37: 5xFAD-3 | K37: 2 | L37: +/- | M37: +/- | P37: =MID(IF(L37="","","; APP:"&L37)&IF(M37="","","; PS1:"&M37)&IF(N37="","","; AQP4:"&N37)&IF(O37="","","; CAG-EGFP:"&O37),3,200) -> APP:+/-; PS1:+/- | Q37: confirmed | R37: sacrificed | T37: Suntory（プレ実験） tag:左2
A38: 5xfad-10 | B38: 5xfad | C38: 10 | D38: F | E38: 45235 | F38: =IF(E38="","",ROUND((TODAY()-E38)/7,1)) -> 136 | G38: in_house | I38: 5xFAD-1 | J38: 5xFAD-3 | K38: 2 | L38: +/- | M38: +/- | P38: =MID(IF(L38="","","; APP:"&L38)&IF(M38="","","; PS1:"&M38)&IF(N38="","","; AQP4:"&N38)&IF(O38="","","; CAG-EGFP:"&O38),3,200) -> APP:+/-; PS1:+/- | Q38: confirmed | R38: sacrificed
A39: 5xfad-11 | B39: 5xfad | C39: 11 | D39: F | E39: 45235 | F39: =IF(E39="","",ROUND((TODAY()-E39)/7,1)) -> 136 | G39: in_house | I39: 5xFAD-1 | J39: 5xFAD-3 | K39: 2 | L39: -/- | M39: -/- | P39: =MID(IF(L39="","","; APP:"&L39)&IF(M39="","","; PS1:"&M39)&IF(N39="","","; AQP4:"&N39)&IF(O39="","","; CAG-EGFP:"&O39),3,200) -> APP:-/-; PS1:-/- | Q39: confirmed | R39: sacrificed | T39: tag:左1
A40: 5xfad-12 | B40: 5xfad | C40: 12 | D40: M | E40: 45236 | F40: =IF(E40="","",ROUND((TODAY()-E40)/7,1)) -> 135.9 | G40: in_house | I40: 5xFAD-1 | J40: 5xFAD-4 | K40: 2 | L40: -/- | M40: -/- | P40: =MID(IF(L40="","","; APP:"&L40)&IF(M40="","","; PS1:"&M40)&IF(N40="","","; AQP4:"&N40)&IF(O40="","","; CAG-EGFP:"&O40),3,200) -> APP:-/-; PS1:-/- | Q40: confirmed | R40: sacrificed
A41: 5xfad-13 | B41: 5xfad | C41: 13 | D41: M | E41: 45236 | F41: =IF(E41="","",ROUND((TODAY()-E41)/7,1)) -> 135.9 | G41: in_house | I41: 5xFAD-1 | J41: 5xFAD-4 | K41: 2 | L41: +/- | M41: +/- | P41: =MID(IF(L41="","","; APP:"&L41)&IF(M41="","","; PS1:"&M41)&IF(N41="","","; AQP4:"&N41)&IF(O41="","","; CAG-EGFP:"&O41),3,200) -> APP:+/-; PS1:+/- | Q41: confirmed | R41: sacrificed | T41: tag:左1
A42: 5xfad-14 | B42: 5xfad | C42: 14 | D42: M | E42: 45236 | F42: =IF(E42="","",ROUND((TODAY()-E42)/7,1)) -> 135.9 | G42: in_house | I42: 5xFAD-1 | J42: 5xFAD-4 | K42: 2 | L42: +/- | M42: +/- | P42: =MID(IF(L42="","","; APP:"&L42)&IF(M42="","","; PS1:"&M42)&IF(N42="","","; AQP4:"&N42)&IF(O42="","","; CAG-EGFP:"&O42),3,200) -> APP:+/-; PS1:+/- | Q42: confirmed | R42: sacrificed | T42: tag:右1
A43: 5xfad-15 | B43: 5xfad | C43: 15 | D43: M | E43: 45236 | F43: =IF(E43="","",ROUND((TODAY()-E43)/7,1)) -> 135.9 | G43: in_house | I43: 5xFAD-1 | J43: 5xFAD-4 | K43: 2 | L43: +/- | M43: +/- | P43: =MID(IF(L43="","","; APP:"&L43)&IF(M43="","","; PS1:"&M43)&IF(N43="","","; AQP4:"&N43)&IF(O43="","","; CAG-EGFP:"&O43),3,200) -> APP:+/-; PS1:+/- | Q43: confirmed | R43: sacrificed | T43: tag:左1右1
A44: 5xfad-16 | B44: 5xfad | C44: 16 | D44: F | E44: 45236 | F44: =IF(E44="","",ROUND((TODAY()-E44)/7,1)) -> 135.9 | G44: in_house | I44: 5xFAD-1 | J44: 5xFAD-4 | K44: 2 | L44: +/- | M44: +/- | P44: =MID(IF(L44="","","; APP:"&L44)&IF(M44="","","; PS1:"&M44)&IF(N44="","","; AQP4:"&N44)&IF(O44="","","; CAG-EGFP:"&O44),3,200) -> APP:+/-; PS1:+/- | Q44: confirmed | R44: sacrificed
A45: 5xfad-17 | B45: 5xfad | C45: 17 | D45: F | E45: 45236 | F45: =IF(E45="","",ROUND((TODAY()-E45)/7,1)) -> 135.9 | G45: in_house | I45: 5xFAD-1 | J45: 5xFAD-4 | K45: 2 | L45: +/- | M45: +/- | P45: =MID(IF(L45="","","; APP:"&L45)&IF(M45="","","; PS1:"&M45)&IF(N45="","","; AQP4:"&N45)&IF(O45="","","; CAG-EGFP:"&O45),3,200) -> APP:+/-; PS1:+/- | Q45: confirmed | R45: sacrificed | T45: tag:左1
A46: 5xfad-18 | B46: 5xfad | C46: 18 | D46: F | E46: 45236 | F46: =IF(E46="","",ROUND((TODAY()-E46)/7,1)) -> 135.9 | G46: in_house | I46: 5xFAD-1 | J46: 5xFAD-4 | K46: 2 | L46: -/- | M46: -/- | P46: =MID(IF(L46="","","; APP:"&L46)&IF(M46="","","; PS1:"&M46)&IF(N46="","","; AQP4:"&N46)&IF(O46="","","; CAG-EGFP:"&O46),3,200) -> APP:-/-; PS1:-/- | Q46: confirmed | R46: sacrificed | T46: tag:右1
A47: 5xfad-19 | B47: 5xfad | C47: 19 | D47: F | E47: 45236 | F47: =IF(E47="","",ROUND((TODAY()-E47)/7,1)) -> 135.9 | G47: in_house | I47: 5xFAD-1 | J47: 5xFAD-4 | K47: 2 | L47: +/- | M47: +/- | P47: =MID(IF(L47="","","; APP:"&L47)&IF(M47="","","; PS1:"&M47)&IF(N47="","","; AQP4:"&N47)&IF(O47="","","; CAG-EGFP:"&O47),3,200) -> APP:+/-; PS1:+/- | Q47: confirmed | R47: sacrificed | T47: tag:左1右1
A48: 5xfad-20 | B48: 5xfad | C48: 20 | D48: F | E48: 45236 | F48: =IF(E48="","",ROUND((TODAY()-E48)/7,1)) -> 135.9 | G48: in_house | I48: 5xFAD-1 | J48: 5xFAD-4 | K48: 2 | L48: +/- | M48: +/- | P48: =MID(IF(L48="","","; APP:"&L48)&IF(M48="","","; PS1:"&M48)&IF(N48="","","; AQP4:"&N48)&IF(O48="","","; CAG-EGFP:"&O48),3,200) -> APP:+/-; PS1:+/- | Q48: confirmed | R48: sacrificed | T48: tag:左2
A49: 5xfad-21 | B49: 5xfad | C49: 21 | D49: F | E49: 45236 | F49: =IF(E49="","",ROUND((TODAY()-E49)/7,1)) -> 135.9 | G49: in_house | I49: 5xFAD-2 | J49: WT | K49: 2 | L49: -/- | M49: -/- | P49: =MID(IF(L49="","","; APP:"&L49)&IF(M49="","","; PS1:"&M49)&IF(N49="","","; AQP4:"&N49)&IF(O49="","","; CAG-EGFP:"&O49),3,200) -> APP:-/-; PS1:-/- | Q49: confirmed | R49: sacrificed
A50: 5xfad-22 | B50: 5xfad | C50: 22 | D50: F | E50: 45236 | F50: =IF(E50="","",ROUND((TODAY()-E50)/7,1)) -> 135.9 | G50: in_house | I50: 5xFAD-2 | J50: WT | K50: 2 | L50: +/- | M50: +/- | P50: =MID(IF(L50="","","; APP:"&L50)&IF(M50="","","; PS1:"&M50)&IF(N50="","","; AQP4:"&N50)&IF(O50="","","; CAG-EGFP:"&O50),3,200) -> APP:+/-; PS1:+/- | Q50: confirmed | R50: sacrificed | T50: c-fos tag:左1
A51: 5xfad-23 | B51: 5xfad | C51: 23 | D51: F | E51: 45236 | F51: =IF(E51="","",ROUND((TODAY()-E51)/7,1)) -> 135.9 | G51: in_house | I51: 5xFAD-2 | J51: WT | K51: 2 | L51: -/- | M51: -/- | P51: =MID(IF(L51="","","; APP:"&L51)&IF(M51="","","; PS1:"&M51)&IF(N51="","","; AQP4:"&N51)&IF(O51="","","; CAG-EGFP:"&O51),3,200) -> APP:-/-; PS1:-/- | Q51: confirmed | R51: sacrificed | T51: tag:右1
A52: 5xfad-24 | B52: 5xfad | C52: 24 | D52: F | E52: 45236 | F52: =IF(E52="","",ROUND((TODAY()-E52)/7,1)) -> 135.9 | G52: in_house | I52: 5xFAD-2 | J52: WT | K52: 2 | L52: +/- | M52: +/- | P52: =MID(IF(L52="","","; APP:"&L52)&IF(M52="","","; PS1:"&M52)&IF(N52="","","; AQP4:"&N52)&IF(O52="","","; CAG-EGFP:"&O52),3,200) -> APP:+/-; PS1:+/- | Q52: confirmed | R52: sacrificed | T52: 自然死
A53: 5xfad-25 | B53: 5xfad | C53: 25 | D53: F | E53: 45236 | F53: =IF(E53="","",ROUND((TODAY()-E53)/7,1)) -> 135.9 | G53: in_house | I53: 5xFAD-2 | J53: WT | K53: 2 | L53: +/- | M53: +/- | P53: =MID(IF(L53="","","; APP:"&L53)&IF(M53="","","; PS1:"&M53)&IF(N53="","","; AQP4:"&N53)&IF(O53="","","; CAG-EGFP:"&O53),3,200) -> APP:+/-; PS1:+/- | Q53: confirmed | R53: sacrificed | T53: 自然死 tag:左1
A54: 5xfad-26 | B54: 5xfad | C54: 26 | D54: F | E54: 45236 | F54: =IF(E54="","",ROUND((TODAY()-E54)/7,1)) -> 135.9 | G54: in_house | I54: 5xFAD-2 | J54: WT | K54: 2 | L54: +/- | M54: +/- | P54: =MID(IF(L54="","","; APP:"&L54)&IF(M54="","","; PS1:"&M54)&IF(N54="","","; AQP4:"&N54)&IF(O54="","","; CAG-EGFP:"&O54),3,200) -> APP:+/-; PS1:+/- | Q54: confirmed | R54: sacrificed | T54: Suntory（本実験） tag:右1
A55: 5xfad-27 | B55: 5xfad | C55: 27 | D55: F | E55: 45236 | F55: =IF(E55="","",ROUND((TODAY()-E55)/7,1)) -> 135.9 | G55: in_house | I55: 5xFAD-2 | J55: WT | K55: 2 | L55: -/- | M55: -/- | P55: =MID(IF(L55="","","; APP:"&L55)&IF(M55="","","; PS1:"&M55)&IF(N55="","","; AQP4:"&N55)&IF(O55="","","; CAG-EGFP:"&O55),3,200) -> APP:-/-; PS1:-/- | Q55: confirmed | R55: sacrificed | T55: tag:左1右1
A56: 5xfad-28 | B56: 5xfad | C56: 28 | D56: M | E56: 45238 | F56: =IF(E56="","",ROUND((TODAY()-E56)/7,1)) -> 135.6 | G56: in_house | I56: 5xFAD-2 | J56: WT | K56: 2 | L56: -/- | M56: -/- | P56: =MID(IF(L56="","","; APP:"&L56)&IF(M56="","","; PS1:"&M56)&IF(N56="","","; AQP4:"&N56)&IF(O56="","","; CAG-EGFP:"&O56),3,200) -> APP:-/-; PS1:-/- | Q56: confirmed | R56: sacrificed
A57: 5xfad-29 | B57: 5xfad | C57: 29 | D57: M | E57: 45238 | F57: =IF(E57="","",ROUND((TODAY()-E57)/7,1)) -> 135.6 | G57: in_house | I57: 5xFAD-2 | J57: WT | K57: 2 | L57: -/- | M57: -/- | P57: =MID(IF(L57="","","; APP:"&L57)&IF(M57="","","; PS1:"&M57)&IF(N57="","","; AQP4:"&N57)&IF(O57="","","; CAG-EGFP:"&O57),3,200) -> APP:-/-; PS1:-/- | Q57: confirmed | R57: sacrificed | T57: tag:左1
A58: 5xfad-30 | B58: 5xfad | C58: 30 | D58: M | E58: 45238 | F58: =IF(E58="","",ROUND((TODAY()-E58)/7,1)) -> 135.6 | G58: in_house | I58: 5xFAD-2 | J58: WT | K58: 2 | L58: +/- | M58: +/- | P58: =MID(IF(L58="","","; APP:"&L58)&IF(M58="","","; PS1:"&M58)&IF(N58="","","; AQP4:"&N58)&IF(O58="","","; CAG-EGFP:"&O58),3,200) -> APP:+/-; PS1:+/- | Q58: confirmed | R58: sacrificed | T58: Suntory（プレ実験） tag:右1
A59: 5xfad-31 | B59: 5xfad | C59: 31 | D59: M | E59: 45238 | F59: =IF(E59="","",ROUND((TODAY()-E59)/7,1)) -> 135.6 | G59: in_house | I59: 5xFAD-2 | J59: WT | K59: 2 | L59: +/- | M59: +/- | P59: =MID(IF(L59="","","; APP:"&L59)&IF(M59="","","; PS1:"&M59)&IF(N59="","","; AQP4:"&N59)&IF(O59="","","; CAG-EGFP:"&O59),3,200) -> APP:+/-; PS1:+/- | Q59: confirmed | R59: sacrificed | T59: Suntory（本実験） tag:左1右1
A60: 5xfad-32 | B60: 5xfad | C60: 32 | D60: M | E60: 45238 | F60: =IF(E60="","",ROUND((TODAY()-E60)/7,1)) -> 135.6 | G60: in_house | I60: 5xFAD-2 | J60: WT | K60: 2 | L60: -/- | M60: -/- | P60: =MID(IF(L60="","","; APP:"&L60)&IF(M60="","","; PS1:"&M60)&IF(N60="","","; AQP4:"&N60)&IF(O60="","","; CAG-EGFP:"&O60),3,200) -> APP:-/-; PS1:-/- | Q60: confirmed | R60: sacrificed | T60: tag:左2
A61: 5xfad-33 | B61: 5xfad | C61: 33 | D61: F | E61: 45238 | F61: =IF(E61="","",ROUND((TODAY()-E61)/7,1)) -> 135.6 | G61: in_house | I61: 5xFAD-2 | J61: WT | K61: 2 | L61: -/- | M61: -/- | P61: =MID(IF(L61="","","; APP:"&L61)&IF(M61="","","; PS1:"&M61)&IF(N61="","","; AQP4:"&N61)&IF(O61="","","; CAG-EGFP:"&O61),3,200) -> APP:-/-; PS1:-/- | Q61: confirmed | R61: sacrificed
A62: 5xfad-34 | B62: 5xfad | C62: 34 | D62: F | E62: 45238 | F62: =IF(E62="","",ROUND((TODAY()-E62)/7,1)) -> 135.6 | G62: in_house | I62: 5xFAD-2 | J62: WT | K62: 2 | L62: -/- | M62: -/- | P62: =MID(IF(L62="","","; APP:"&L62)&IF(M62="","","; PS1:"&M62)&IF(N62="","","; AQP4:"&N62)&IF(O62="","","; CAG-EGFP:"&O62),3,200) -> APP:-/-; PS1:-/- | Q62: confirmed | R62: sacrificed | T62: tag:左1
A63: 5xfad-35 | B63: 5xfad | C63: 35 | D63: M | E63: 45329 | F63: =IF(E63="","",ROUND((TODAY()-E63)/7,1)) -> 122.6 | G63: in_house | I63: 5xFAD 1 | J63: WT | K63: 2 | L63: -/- | M63: -/- | P63: =MID(IF(L63="","","; APP:"&L63)&IF(M63="","","; PS1:"&M63)&IF(N63="","","; AQP4:"&N63)&IF(O63="","","; CAG-EGFP:"&O63),3,200) -> APP:-/-; PS1:-/- | Q63: confirmed | R63: sacrificed | T63: tag:Punch
A64: 5xfad-36 | B64: 5xfad | C64: 36 | D64: M | E64: 45329 | F64: =IF(E64="","",ROUND((TODAY()-E64)/7,1)) -> 122.6 | G64: in_house | I64: 5xFAD 1 | J64: WT | K64: 2 | L64: -/- | M64: -/- | P64: =MID(IF(L64="","","; APP:"&L64)&IF(M64="","","; PS1:"&M64)&IF(N64="","","; AQP4:"&N64)&IF(O64="","","; CAG-EGFP:"&O64),3,200) -> APP:-/-; PS1:-/- | Q64: confirmed | R64: sacrificed | T64: tag:Punch
A65: 5xfad-37 | B65: 5xfad | C65: 37 | D65: M | E65: 45329 | F65: =IF(E65="","",ROUND((TODAY()-E65)/7,1)) -> 122.6 | G65: in_house | I65: 5xFAD 1 | J65: WT | K65: 2 | L65: -/- | M65: -/- | P65: =MID(IF(L65="","","; APP:"&L65)&IF(M65="","","; PS1:"&M65)&IF(N65="","","; AQP4:"&N65)&IF(O65="","","; CAG-EGFP:"&O65),3,200) -> APP:-/-; PS1:-/- | Q65: confirmed | R65: sacrificed | T65: tag:Punch
A66: 5xfad-38 | B66: 5xfad | C66: 38 | D66: M | E66: 45329 | F66: =IF(E66="","",ROUND((TODAY()-E66)/7,1)) -> 122.6 | G66: in_house | I66: 5xFAD 1 | J66: WT | K66: 2 | L66: -/- | M66: -/- | P66: =MID(IF(L66="","","; APP:"&L66)&IF(M66="","","; PS1:"&M66)&IF(N66="","","; AQP4:"&N66)&IF(O66="","","; CAG-EGFP:"&O66),3,200) -> APP:-/-; PS1:-/- | Q66: confirmed | R66: sacrificed | T66: tag:Punch
A67: 5xfad-39 | B67: 5xfad | C67: 39 | D67: M | E67: 45329 | F67: =IF(E67="","",ROUND((TODAY()-E67)/7,1)) -> 122.6 | G67: in_house | I67: 5xFAD 1 | J67: WT | K67: 2 | L67: +/- | M67: +/- | P67: =MID(IF(L67="","","; APP:"&L67)&IF(M67="","","; PS1:"&M67)&IF(N67="","","; AQP4:"&N67)&IF(O67="","","; CAG-EGFP:"&O67),3,200) -> APP:+/-; PS1:+/- | Q67: confirmed | R67: sacrificed | T67: tag:Punch
A68: 5xfad-40 | B68: 5xfad | C68: 40 | D68: F | E68: 45329 | F68: =IF(E68="","",ROUND((TODAY()-E68)/7,1)) -> 122.6 | G68: in_house | I68: 5xFAD 1 | J68: WT | K68: 2 | L68: +/- | M68: +/- | P68: =MID(IF(L68="","","; APP:"&L68)&IF(M68="","","; PS1:"&M68)&IF(N68="","","; AQP4:"&N68)&IF(O68="","","; CAG-EGFP:"&O68),3,200) -> APP:+/-; PS1:+/- | Q68: confirmed | R68: sacrificed | T68: Suntory（本実験） tag:Punch
A69: 5xfad-41 | B69: 5xfad | C69: 41 | D69: M | E69: 45329 | F69: =IF(E69="","",ROUND((TODAY()-E69)/7,1)) -> 122.6 | G69: in_house | I69: 5xFAD-2 | J69: WT | K69: 2 | L69: +/- | M69: +/- | P69: =MID(IF(L69="","","; APP:"&L69)&IF(M69="","","; PS1:"&M69)&IF(N69="","","; AQP4:"&N69)&IF(O69="","","; CAG-EGFP:"&O69),3,200) -> APP:+/-; PS1:+/- | Q69: confirmed | R69: sacrificed | T69: Suntory（本実験） tag:Punch
A70: 5xfad-42 | B70: 5xfad | C70: 42 | D70: M | E70: 45329 | F70: =IF(E70="","",ROUND((TODAY()-E70)/7,1)) -> 122.6 | G70: in_house | I70: 5xFAD-2 | J70: WT | K70: 2 | L70: +/- | M70: +/- | P70: =MID(IF(L70="","","; APP:"&L70)&IF(M70="","","; PS1:"&M70)&IF(N70="","","; AQP4:"&N70)&IF(O70="","","; CAG-EGFP:"&O70),3,200) -> APP:+/-; PS1:+/- | Q70: confirmed | R70: sacrificed | T70: tag:Punch
A71: 5xfad-43 | B71: 5xfad | C71: 43 | D71: M | E71: 45329 | F71: =IF(E71="","",ROUND((TODAY()-E71)/7,1)) -> 122.6 | G71: in_house | I71: 5xFAD-2 | J71: WT | K71: 2 | L71: -/- | M71: -/- | P71: =MID(IF(L71="","","; APP:"&L71)&IF(M71="","","; PS1:"&M71)&IF(N71="","","; AQP4:"&N71)&IF(O71="","","; CAG-EGFP:"&O71),3,200) -> APP:-/-; PS1:-/- | Q71: confirmed | R71: sacrificed | T71: tag:Punch
A72: 5xfad-44 | B72: 5xfad | C72: 44 | D72: M | E72: 45329 | F72: =IF(E72="","",ROUND((TODAY()-E72)/7,1)) -> 122.6 | G72: in_house | I72: 5xFAD-2 | J72: WT | K72: 2 | L72: -/- | M72: -/- | P72: =MID(IF(L72="","","; APP:"&L72)&IF(M72="","","; PS1:"&M72)&IF(N72="","","; AQP4:"&N72)&IF(O72="","","; CAG-EGFP:"&O72),3,200) -> APP:-/-; PS1:-/- | Q72: confirmed | R72: sacrificed | T72: tag:Punch
A73: 5xfad-45 | B73: 5xfad | C73: 45 | D73: M | E73: 45329 | F73: =IF(E73="","",ROUND((TODAY()-E73)/7,1)) -> 122.6 | G73: in_house | I73: 5xFAD-2 | J73: WT | K73: 2 | L73: -/- | M73: -/- | P73: =MID(IF(L73="","","; APP:"&L73)&IF(M73="","","; PS1:"&M73)&IF(N73="","","; AQP4:"&N73)&IF(O73="","","; CAG-EGFP:"&O73),3,200) -> APP:-/-; PS1:-/- | Q73: confirmed | R73: sacrificed | T73: tag:Punch
... A89: 5xfad-61 | B89: 5xfad | C89: 61 | D89: F | E89: 45371 | F89: =IF(E89="","",ROUND((TODAY()-E89)/7,1)) -> 116.6 | G89: in_house | I89: WT | J89: 5xFAD 4 | K89: 2 | L89: -/- | M89: -/- | P89: =MID(IF(L89="","","; APP:"&L89)&IF(M89="","","; PS1:"&M89)&IF(N89="","","; AQP4:"&N89)&IF(O89="","","; CAG-EGFP:"&O89),3,200) -> APP:-/-; PS1:-/- | Q89: confirmed | R89: sacrificed | T89: tag:Punch
A90: 5xfad-62 | B90: 5xfad | C90: 62 | D90: F | E90: 45376 | F90: =IF(E90="","",ROUND((TODAY()-E90)/7,1)) -> 115.9 | G90: in_house | I90: 5ｘFAD-2 | J90: WT | K90: 2 | P90: =MID(IF(L90="","","; APP:"&L90)&IF(M90="","","; PS1:"&M90)&IF(N90="","","; AQP4:"&N90)&IF(O90="","","; CAG-EGFP:"&O90),3,200) | Q90: pending | R90: sacrificed | T90: tag:Punch
A91: 5xfad-63 | B91: 5xfad | C91: 63 | D91: F | E91: 45376 | F91: =IF(E91="","",ROUND((TODAY()-E91)/7,1)) -> 115.9 | G91: in_house | I91: 5ｘFAD-2 | J91: WT | K91: 2 | L91: +/- | M91: +/- | P91: =MID(IF(L91="","","; APP:"&L91)&IF(M91="","","; PS1:"&M91)&IF(N91="","","; AQP4:"&N91)&IF(O91="","","; CAG-EGFP:"&O91),3,200) -> APP:+/-; PS1:+/- | Q91: confirmed | R91: sacrificed | T91: Suntory（本実験） tag:Punch
A92: 5xfad-64 | B92: 5xfad | C92: 64 | D92: F | E92: 45376 | F92: =IF(E92="","",ROUND((TODAY()-E92)/7,1)) -> 115.9 | G92: in_house | I92: 5ｘFAD-2 | J92: WT | K92: 2 | L92: +/- | M92: +/- | P92: =MID(IF(L92="","","; APP:"&L92)&IF(M92="","","; PS1:"&M92)&IF(N92="","","; AQP4:"&N92)&IF(O92="","","; CAG-EGFP:"&O92),3,200) -> APP:+/-; PS1:+/- | Q92: confirmed | R92: sacrificed | T92: Suntory（本実験） tag:Punch
A93: 5xfad-65 | B93: 5xfad | C93: 65 | D93: F | E93: 45376 | F93: =IF(E93="","",ROUND((TODAY()-E93)/7,1)) -> 115.9 | G93: in_house | I93: 5ｘFAD-2 | J93: WT | K93: 2 | L93: -/- | M93: -/- | P93: =MID(IF(L93="","","; APP:"&L93)&IF(M93="","","; PS1:"&M93)&IF(N93="","","; AQP4:"&N93)&IF(O93="","","; CAG-EGFP:"&O93),3,200) -> APP:-/-; PS1:-/- | Q93: confirmed | R93: sacrificed | T93: tag:Punch
A94: 5xfad-66 | B94: 5xfad | C94: 66 | D94: F | E94: 45376 | F94: =IF(E94="","",ROUND((TODAY()-E94)/7,1)) -> 115.9 | G94: in_house | I94: 5ｘFAD-2 | J94: WT | K94: 2 | L94: -/- | M94: -/- | P94: =MID(IF(L94="","","; APP:"&L94)&IF(M94="","","; PS1:"&M94)&IF(N94="","","; AQP4:"&N94)&IF(O94="","","; CAG-EGFP:"&O94),3,200) -> APP:-/-; PS1:-/- | Q94: confirmed | R94: sacrificed | T94: tag:Punch
A95: 5xfad-67 | B95: 5xfad | C95: 67 | D95: M | E95: 45392 | F95: =IF(E95="","",ROUND((TODAY()-E95)/7,1)) -> 113.6 | G95: in_house | I95: WT | J95: 5xFAD | K95: 2 | L95: -/- | M95: -/- | P95: =MID(IF(L95="","","; APP:"&L95)&IF(M95="","","; PS1:"&M95)&IF(N95="","","; AQP4:"&N95)&IF(O95="","","; CAG-EGFP:"&O95),3,200) -> APP:-/-; PS1:-/- | Q95: confirmed | R95: sacrificed | T95: AQP4KO実験用 tag:Punch
A96: 5xfad-68 | B96: 5xfad | C96: 68 | D96: M | E96: 45392 | F96: =IF(E96="","",ROUND((TODAY()-E96)/7,1)) -> 113.6 | G96: in_house | I96: WT | J96: 5xFAD | K96: 2 | L96: -/- | M96: -/- | P96: =MID(IF(L96="","","; APP:"&L96)&IF(M96="","","; PS1:"&M96)&IF(N96="","","; AQP4:"&N96)&IF(O96="","","; CAG-EGFP:"&O96),3,200) -> APP:-/-; PS1:-/- | Q96: confirmed | R96: sacrificed | T96: AQP4KO実験用 tag:Punch
A97: 5xfad-69 | B97: 5xfad | C97: 69 | D97: M | E97: 45392 | F97: =IF(E97="","",ROUND((TODAY()-E97)/7,1)) -> 113.6 | G97: in_house | I97: WT | J97: 5xFAD | K97: 2 | L97: +/- | M97: +/- | P97: =MID(IF(L97="","","; APP:"&L97)&IF(M97="","","; PS1:"&M97)&IF(N97="","","; AQP4:"&N97)&IF(O97="","","; CAG-EGFP:"&O97),3,200) -> APP:+/-; PS1:+/- | Q97: confirmed | R97: sacrificed | T97: tag:Punch
A98: 5xfad-70 | B98: 5xfad | C98: 70 | D98: M | E98: 45392 | F98: =IF(E98="","",ROUND((TODAY()-E98)/7,1)) -> 113.6 | G98: in_house | I98: WT | J98: 5xFAD | K98: 2 | L98: -/- | M98: -/- | P98: =MID(IF(L98="","","; APP:"&L98)&IF(M98="","","; PS1:"&M98)&IF(N98="","","; AQP4:"&N98)&IF(O98="","","; CAG-EGFP:"&O98),3,200) -> APP:-/-; PS1:-/- | Q98: confirmed | R98: sacrificed | T98: tag:Punch
A99: 5xfad-71 | B99: 5xfad | C99: 71 | D99: M | E99: 45392 | F99: =IF(E99="","",ROUND((TODAY()-E99)/7,1)) -> 113.6 | G99: in_house | I99: WT | J99: 5xFAD | K99: 2 | L99: +/- | M99: +/- | P99: =MID(IF(L99="","","; APP:"&L99)&IF(M99="","","; PS1:"&M99)&IF(N99="","","; AQP4:"&N99)&IF(O99="","","; CAG-EGFP:"&O99),3,200) -> APP:+/-; PS1:+/- | Q99: confirmed | R99: sacrificed | T99: Suntory（本実験） tag:Punch
A100: 5xfad-72 | B100: 5xfad | C100: 72 | D100: M | E100: 45392 | F100: =IF(E100="","",ROUND((TODAY()-E100)/7,1)) -> 113.6 | G100: in_house | I100: WT | J100: 5xFAD | K100: 2 | L100: +/- | M100: +/- | P100: =MID(IF(L100="","","; APP:"&L100)&IF(M100="","","; PS1:"&M100)&IF(N100="","","; AQP4:"&N100)&IF(O100="","","; CAG-EGFP:"&O100),3,200) -> APP:+/-; PS1:+/- | Q100: confirmed | R100: sacrificed | T100: Suntory（本実験） tag:Punch
A101: 5xfad-73 | B101: 5xfad | C101: 73 | D101: M | E101: 45376 | F101: =IF(E101="","",ROUND((TODAY()-E101)/7,1)) -> 115.9 | G101: in_house | I101: 5ｘFAD-2 | J101: WT | K101: 2 | L101: -/- | M101: -/- | P101: =MID(IF(L101="","","; APP:"&L101)&IF(M101="","","; PS1:"&M101)&IF(N101="","","; AQP4:"&N101)&IF(O101="","","; CAG-EGFP:"&O101),3,200) -> APP:-/-; PS1:-/- | Q101: confirmed | R101: sacrificed | T101: Suntory（本実験） tag:Punch
A102: 5xfad-74 | B102: 5xfad | C102: 74 | D102: M | E102: 45376 | F102: =IF(E102="","",ROUND((TODAY()-E102)/7,1)) -> 115.9 | G102: in_house | I102: 5ｘFAD-2 | J102: WT | K102: 2 | L102: +/- | M102: +/- | P102: =MID(IF(L102="","","; APP:"&L102)&IF(M102="","","; PS1:"&M102)&IF(N102="","","; AQP4:"&N102)&IF(O102="","","; CAG-EGFP:"&O102),3,200) -> APP:+/-; PS1:+/- | Q102: confirmed | R102: sacrificed | T102: tag:Punch
... A139: 5xfad-111 | B139: 5xfad | C139: 111 | D139: F | E139: 45770 | F139: =IF(E139="","",ROUND((TODAY()-E139)/7,1)) -> 59.6 | G139: in_house | I139: 5xFAD-90 | J139: 5xFAD-95(WT) | K139: 4 | L139: -/- | M139: -/- | P139: =MID(IF(L139="","","; APP:"&L139)&IF(M139="","","; PS1:"&M139)&IF(N139="","","; AQP4:"&N139)&IF(O139="","","; CAG-EGFP:"&O139),3,200) -> APP:-/-; PS1:-/- | Q139: confirmed | R139: alive | T139: tag:Punch
A140: 5xfad_aqp4ko-1 | B140: 5xfad_aqp4ko | C140: 1 | D140: M | E140: 45033 | F140: =IF(E140="","",ROUND((TODAY()-E140)/7,1)) -> 164.9 | G140: in_house | I140: 5 x FAD x AQP4KO | J140: AQP4KO | K140: 1 | L140: +/- | M140: +/- | N140: - | P140: =MID(IF(L140="","","; APP:"&L140)&IF(M140="","","; PS1:"&M140)&IF(N140="","","; AQP4:"&N140)&IF(O140="","","; CAG-EGFP:"&O140),3,200) -> APP:+/-; PS1:+/-; AQP4:- | Q140: confirmed | R140: sacrificed | T140: 阿部先生から譲渡(生年月日はオス？)
A141: 5xfad_aqp4ko-2 | B141: 5xfad_aqp4ko | C141: 2 | D141: M | E141: 45266 | F141: =IF(E141="","",ROUND((TODAY()-E141)/7,1)) -> 131.6 | G141: in_house | I141: 5 x FAD x AQP4KO 1 | J141: AQP4KO 11 | K141: 2 | L141: -/- | M141: -/- | N141: - | P141: =MID(IF(L141="","","; APP:"&L141)&IF(M141="","","; PS1:"&M141)&IF(N141="","","; AQP4:"&N141)&IF(O141="","","; CAG-EGFP:"&O141),3,200) -> APP:-/-; PS1:-/-; AQP4:- | Q141: confirmed | R141: sacrificed | T141: tag:Punch
A142: 5xfad_aqp4ko-3 | B142: 5xfad_aqp4ko | C142: 3 | D142: F | E142: 45266 | F142: =IF(E142="","",ROUND((TODAY()-E142)/7,1)) -> 131.6 | G142: in_house | I142: 5 x FAD x AQP4KO 1 | J142: AQP4KO 11 | K142: 2 | L142: -/- | M142: -/- | N142: - | P142: =MID(IF(L142="","","; APP:"&L142)&IF(M142="","","; PS1:"&M142)&IF(N142="","","; AQP4:"&N142)&IF(O142="","","; CAG-EGFP:"&O142),3,200) -> APP:-/-; PS1:-/-; AQP4:- | Q142: confirmed | R142: sacrificed | T142: tag:Punch
A143: 5xfad_aqp4ko-4 | B143: 5xfad_aqp4ko | C143: 4 | D143: F | E143: 45266 | F143: =IF(E143="","",ROUND((TODAY()-E143)/7,1)) -> 131.6 | G143: in_house | I143: 5 x FAD x AQP4KO 1 | J143: AQP4KO 11 | K143: 2 | L143: -/- | M143: -/- | N143: - | P143: =MID(IF(L143="","","; APP:"&L143)&IF(M143="","","; PS1:"&M143)&IF(N143="","","; AQP4:"&N143)&IF(O143="","","; CAG-EGFP:"&O143),3,200) -> APP:-/-; PS1:-/-; AQP4:- | Q143: confirmed | R143: sacrificed | T143: tag:Punch
A144: 5xfad_aqp4ko-5 | B144: 5xfad_aqp4ko | C144: 5 | D144: M | E144: 45281 | F144: =IF(E144="","",ROUND((TODAY()-E144)/7,1)) -> 129.4 | G144: in_house | I144: 5 x FAD x AQP4KO 1 | J144: AQP4KO 12 | K144: 2 | L144: -/- | M144: -/- | N144: - | P144: =MID(IF(L144="","","; APP:"&L144)&IF(M144="","","; PS1:"&M144)&IF(N144="","","; AQP4:"&N144)&IF(O144="","","; CAG-EGFP:"&O144),3,200) -> APP:-/-; PS1:-/-; AQP4:- | Q144: confirmed | R144: sacrificed | T144: tag:Punch
A145: 5xfad_aqp4ko-6 | B145: 5xfad_aqp4ko | C145: 6 | D145: M | E145: 45281 | F145: =IF(E145="","",ROUND((TODAY()-E145)/7,1)) -> 129.4 | G145: in_house | I145: 5 x FAD x AQP4KO 1 | J145: AQP4KO 12 | K145: 2 | L145: -/- | M145: -/- | N145: - | P145: =MID(IF(L145="","","; APP:"&L145)&IF(M145="","","; PS1:"&M145)&IF(N145="","","; AQP4:"&N145)&IF(O145="","","; CAG-EGFP:"&O145),3,200) -> APP:-/-; PS1:-/-; AQP4:- | Q145: confirmed | R145: sacrificed | T145: tag:Punch
A146: 5xfad_aqp4ko-7 | B146: 5xfad_aqp4ko | C146: 7 | D146: F | E146: 45281 | F146: =IF(E146="","",ROUND((TODAY()-E146)/7,1)) -> 129.4 | G146: in_house | I146: 5 x FAD x AQP4KO 1 | J146: AQP4KO 12 | K146: 2 | L146: +/- | M146: +/- | N146: - | P146: =MID(IF(L146="","","; APP:"&L146)&IF(M146="","","; PS1:"&M146)&IF(N146="","","; AQP4:"&N146)&IF(O146="","","; CAG-EGFP:"&O146),3,200) -> APP:+/-; PS1:+/-; AQP4:- | Q146: confirmed | R146: sacrificed | T146: suntory tag:Punch
A147: 5xfad_aqp4ko-8 | B147: 5xfad_aqp4ko | C147: 8 | D147: F | E147: 45281 | F147: =IF(E147="","",ROUND((TODAY()-E147)/7,1)) -> 129.4 | G147: in_house | I147: 5 x FAD x AQP4KO 1 | J147: AQP4KO 12 | K147: 2 | L147: +/- | M147: +/- | N147: - | P147: =MID(IF(L147="","","; APP:"&L147)&IF(M147="","","; PS1:"&M147)&IF(N147="","","; AQP4:"&N147)&IF(O147="","","; CAG-EGFP:"&O147),3,200) -> APP:+/-; PS1:+/-; AQP4:- | Q147: confirmed | R147: sacrificed | T147: suntory tag:Punch
A148: 5xfad_aqp4ko-9 | B148: 5xfad_aqp4ko | C148: 9 | D148: M | E148: 45336 | F148: =IF(E148="","",ROUND((TODAY()-E148)/7,1)) -> 121.6 | G148: in_house | I148: 5 x FAD x AQP4KO 1 | J148: AQP4KO 12 | K148: 2 | L148: -/- | M148: -/- | N148: - | P148: =MID(IF(L148="","","; APP:"&L148)&IF(M148="","","; PS1:"&M148)&IF(N148="","","; AQP4:"&N148)&IF(O148="","","; CAG-EGFP:"&O148),3,200) -> APP:-/-; PS1:-/-; AQP4:- | Q148: confirmed | R148: sacrificed | T148: tag:Punch
A149: 5xfad_aqp4ko-10 | B149: 5xfad_aqp4ko | C149: 10 | D149: M | E149: 45336 | F149: =IF(E149="","",ROUND((TODAY()-E149)/7,1)) -> 121.6 | G149: in_house | I149: 5 x FAD x AQP4KO 1 | J149: AQP4KO 12 | K149: 2 | L149: +/- | M149: +/- | N149: - | P149: =MID(IF(L149="","","; APP:"&L149)&IF(M149="","","; PS1:"&M149)&IF(N149="","","; AQP4:"&N149)&IF(O149="","","; CAG-EGFP:"&O149),3,200) -> APP:+/-; PS1:+/-; AQP4:- | Q149: confirmed | R149: sacrificed | T149: suntory←最後 tag:Punch
A150: 5xfad_aqp4ko-11 | B150: 5xfad_aqp4ko | C150: 11 | D150: M | E150: 45336 | F150: =IF(E150="","",ROUND((TODAY()-E150)/7,1)) -> 121.6 | G150: in_house | I150: 5 x FAD x AQP4KO 1 | J150: AQP4KO 12 | K150: 2 | L150: +/- | M150: +/- | N150: - | P150: =MID(IF(L150="","","; APP:"&L150)&IF(M150="","","; PS1:"&M150)&IF(N150="","","; AQP4:"&N150)&IF(O150="","","; CAG-EGFP:"&O150),3,200) -> APP:+/-; PS1:+/-; AQP4:- | Q150: confirmed | R150: sacrificed | T150: suntory tag:Punch
A151: 5xfad_aqp4ko-12 | B151: 5xfad_aqp4ko | C151: 12 | D151: M | E151: 45336 | F151: =IF(E151="","",ROUND((TODAY()-E151)/7,1)) -> 121.6 | G151: in_house | I151: 5 x FAD x AQP4KO 1 | J151: AQP4KO 12 | K151: 2 | L151: +/- | M151: +/- | N151: - | P151: =MID(IF(L151="","","; APP:"&L151)&IF(M151="","","; PS1:"&M151)&IF(N151="","","; AQP4:"&N151)&IF(O151="","","; CAG-EGFP:"&O151),3,200) -> APP:+/-; PS1:+/-; AQP4:- | Q151: confirmed | R151: sacrificed | T151: suntory tag:Punch
...

Sheet projects
A1: project_id | B1: title | C1: status | D1: notes
A2: bw2025 | B2: brain water dynamics (2025_brain_water_dynamics) | C2: active | D2: 主
A3: amy2026 | B3: amyloid x glymphatic (5xFAD) | C3: active | D3: 別P

Sheet animals
A1: mouse_id | B1: birth_id | C1: cohort | D1: sex | E1: line | F1: dob_intake | G1: age_weeks | H1: sac_date | I1: fixation | J1: notes | K1: pulled_genotype
A2: ts1 | C2: personal | D2: M | E2: cagegfp | F2: 44618 | G2: =IF(F2="","",ROUND((IF(H2="",TODAY(),H2)-F2)/7,1)) -> 37.9 | H2: 44883 | I2: none | J2: s1 | K2: =IFERROR(VLOOKUP(B2,colony!$A:$T,16,FALSE()),"")
A3: ts2 | C3: personal | D3: M | E3: wt | F3: 44641 | G3: =IF(F3="","",ROUND((IF(H3="",TODAY(),H3)-F3)/7,1)) -> 34.6 | H3: 44883 | I3: other | J3: s2 | K3: =IFERROR(VLOOKUP(B3,colony!$A:$T,16,FALSE()),"")
A4: ts3 | C4: personal | D4: M | E4: wt | F4: 44781 | G4: =IF(F4="","",ROUND((IF(H4="",TODAY(),H4)-F4)/7,1)) -> 14.6 | H4: 44883 | I4: other | J4: s3 | K4: =IFERROR(VLOOKUP(B4,colony!$A:$T,16,FALSE()),"")
A5: ts4 | C5: personal | D5: M | E5: wt | F5: 44764 | G5: =IF(F5="","",ROUND((IF(H5="",TODAY(),H5)-F5)/7,1)) -> 17.4 | H5: 44886 | I5: none | J5: s4 | K5: =IFERROR(VLOOKUP(B5,colony!$A:$T,16,FALSE()),"")
A6: ts5 | C6: personal | D6: M | E6: wt | F6: 44787 | G6: =IF(F6="","",ROUND((IF(H6="",TODAY(),H6)-F6)/7,1)) -> 14.7 | H6: 44890 | I6: none | J6: s5 | K6: =IFERROR(VLOOKUP(B6,colony!$A:$T,16,FALSE()),"")
A7: ts6 | C7: personal | D7: M | E7: wt | F7: 44787 | G7: =IF(F7="","",ROUND((IF(H7="",TODAY(),H7)-F7)/7,1)) -> 14.7 | H7: 44890 | I7: none | J7: s6 | K7: =IFERROR(VLOOKUP(B7,colony!$A:$T,16,FALSE()),"")
A8: ts7 | C8: personal | D8: M | E8: cagegfp | F8: 44614 | G8: =IF(F8="","",ROUND((IF(H8="",TODAY(),H8)-F8)/7,1)) -> 39.4 | H8: 44890 | I8: none | J8: s7 | K8: =IFERROR(VLOOKUP(B8,colony!$A:$T,16,FALSE()),"")
A9: ts8 | C9: personal | D9: M | E9: cagegfp | F9: 44614 | G9: =IF(F9="","",ROUND((IF(H9="",TODAY(),H9)-F9)/7,1)) -> 39.4 | H9: 44890 | I9: none | J9: s8 | K9: =IFERROR(VLOOKUP(B9,colony!$A:$T,16,FALSE()),"")
A10: ts9 | C10: personal | D10: M | E10: wt | F10: 44785 | G10: =IF(F10="","",ROUND((IF(H10="",TODAY(),H10)-F10)/7,1)) -> 17.6 | H10: 44908 | I10: other | J10: s9 | K10: =IFERROR(VLOOKUP(B10,colony!$A:$T,16,FALSE()),"")
A11: ts10 | C11: personal | D11: M | E11: cagegfp | F11: 44767 | G11: =IF(F11="","",ROUND((IF(H11="",TODAY(),H11)-F11)/7,1)) -> 27.4 | H11: 44959 | I11: none | J11: s10 | K11: =IFERROR(VLOOKUP(B11,colony!$A:$T,16,FALSE()),"")
A12: ts11 | C12: personal | D12: F | E12: wt | F12: 45166 | G12: =IF(F12="","",ROUND((IF(H12="",TODAY(),H12)-F12)/7,1)) -> 10 | H12: 45236 | I12: none | J12: s11 | K12: =IFERROR(VLOOKUP(B12,colony!$A:$T,16,FALSE()),"")
A13: ts12 | C13: personal | D13: F | E13: wt | F13: 45166 | G13: =IF(F13="","",ROUND((IF(H13="",TODAY(),H13)-F13)/7,1)) -> 10.1 | H13: 45237 | I13: none | K13: =IFERROR(VLOOKUP(B13,colony!$A:$T,16,FALSE()),"")
A14: ts13 | C14: personal | D14: M | E14: cagegfp | F14: 44767 | G14: =IF(F14="","",ROUND((IF(H14="",TODAY(),H14)-F14)/7,1)) -> 69.4 | H14: 45253 | I14: none | K14: =IFERROR(VLOOKUP(B14,colony!$A:$T,16,FALSE()),"")
A15: ts14 | C15: personal | D15: F | E15: wt | F15: 45180 | G15: =IF(F15="","",ROUND((IF(H15="",TODAY(),H15)-F15)/7,1)) -> 9 | H15: 45243 | I15: none | K15: =IFERROR(VLOOKUP(B15,colony!$A:$T,16,FALSE()),"")
A16: ts15 | C16: personal | D16: F | E16: wt | F16: 45180 | G16: =IF(F16="","",ROUND((IF(H16="",TODAY(),H16)-F16)/7,1)) -> 9 | H16: 45243 | I16: none | K16: =IFERROR(VLOOKUP(B16,colony!$A:$T,16,FALSE()),"")
A17: ts16 | C17: personal | D17: F | E17: wt | F17: 45180 | G17: =IF(F17="","",ROUND((IF(H17="",TODAY(),H17)-F17)/7,1)) -> 9 | H17: 45243 | I17: none | K17: =IFERROR(VLOOKUP(B17,colony!$A:$T,16,FALSE()),"")
A18: ts17 | C18: personal | D18: F | E18: wt | F18: 45180 | G18: =IF(F18="","",ROUND((IF(H18="",TODAY(),H18)-F18)/7,1)) -> 9.1 | H18: 45244 | I18: none | K18: =IFERROR(VLOOKUP(B18,colony!$A:$T,16,FALSE()),"")
A19: ts18 | C19: personal | D19: F | E19: wt | F19: 45180 | G19: =IF(F19="","",ROUND((IF(H19="",TODAY(),H19)-F19)/7,1)) -> 9.1 | H19: 45244 | I19: none | K19: =IFERROR(VLOOKUP(B19,colony!$A:$T,16,FALSE()),"")
A20: ts19 | C20: personal | D20: F | E20: wt | F20: 45180 | G20: =IF(F20="","",ROUND((IF(H20="",TODAY(),H20)-F20)/7,1)) -> 9.4 | H20: 45246 | I20: none | K20: =IFERROR(VLOOKUP(B20,colony!$A:$T,16,FALSE()),"")
A21: ts20 | C21: personal | D21: F | E21: wt | F21: 45180 | G21: =IF(F21="","",ROUND((IF(H21="",TODAY(),H21)-F21)/7,1)) -> 11.1 | H21: 45258 | I21: none | K21: =IFERROR(VLOOKUP(B21,colony!$A:$T,16,FALSE()),"")
A22: ts21 | C22: personal | D22: M | E22: cagegfp | F22: 45200 | G22: =IF(F22="","",ROUND((IF(H22="",TODAY(),H22)-F22)/7,1)) -> 10.4 | H22: 45273 | I22: none | K22: =IFERROR(VLOOKUP(B22,colony!$A:$T,16,FALSE()),"")
A23: ts22 | C23: personal | D23: F | E23: wt | F23: 45180 | G23: =IF(F23="","",ROUND((IF(H23="",TODAY(),H23)-F23)/7,1)) -> 12.6 | H23: 45268 | I23: none | K23: =IFERROR(VLOOKUP(B23,colony!$A:$T,16,FALSE()),"")
A24: ts23 | C24: personal | D24: M | E24: cagegfp | F24: 45200 | G24: =IF(F24="","",ROUND((IF(H24="",TODAY(),H24)-F24)/7,1)) -> 10.7 | H24: 45275 | I24: none | K24: =IFERROR(VLOOKUP(B24,colony!$A:$T,16,FALSE()),"")
... A30: ts29 | C30: personal | D30: M | E30: cagegfp | F30: 45200 | G30: =IF(F30="","",ROUND((IF(H30="",TODAY(),H30)-F30)/7,1)) -> 15.7 | H30: 45310 | I30: none | K30: =IFERROR(VLOOKUP(B30,colony!$A:$T,16,FALSE()),"")
A31: ts30 | C31: personal | D31: M | E31: cagegfp | F31: 45240 | G31: =IF(F31="","",ROUND((IF(H31="",TODAY(),H31)-F31)/7,1)) -> 10.6 | H31: 45314 | I31: none | J31: CAG-EGFP 11 | K31: =IFERROR(VLOOKUP(B31,colony!$A:$T,16,FALSE()),"")
A32: ts31 | C32: personal | D32: M | E32: wt | F32: 45250 | G32: =IF(F32="","",ROUND((IF(H32="",TODAY(),H32)-F32)/7,1)) -> 10.1 | H32: 45321 | I32: none | K32: =IFERROR(VLOOKUP(B32,colony!$A:$T,16,FALSE()),"")
A33: ts32 | C33: personal | D33: M | E33: wt | F33: 45257 | G33: =IF(F33="","",ROUND((IF(H33="",TODAY(),H33)-F33)/7,1)) -> 10.3 | H33: 45329 | I33: none | K33: =IFERROR(VLOOKUP(B33,colony!$A:$T,16,FALSE()),"")
A34: ts33 | C34: personal | D34: M | E34: wt | F34: 45257 | G34: =IF(F34="","",ROUND((IF(H34="",TODAY(),H34)-F34)/7,1)) -> 10.3 | H34: 45329 | I34: none | K34: =IFERROR(VLOOKUP(B34,colony!$A:$T,16,FALSE()),"")
A35: ts34 | C35: personal | D35: M | E35: wt | F35: 45257 | G35: =IF(F35="","",ROUND((IF(H35="",TODAY(),H35)-F35)/7,1)) -> 10.3 | H35: 45329 | I35: none | K35: =IFERROR(VLOOKUP(B35,colony!$A:$T,16,FALSE()),"")
A36: ts35 | C36: personal | D36: M | E36: wt | F36: 45257 | G36: =IF(F36="","",ROUND((IF(H36="",TODAY(),H36)-F36)/7,1)) -> 10.3 | H36: 45329 | I36: none | K36: =IFERROR(VLOOKUP(B36,colony!$A:$T,16,FALSE()),"")
A37: ts36 | C37: personal | D37: M | E37: wt | F37: 45257 | G37: =IF(F37="","",ROUND((IF(H37="",TODAY(),H37)-F37)/7,1)) -> 10.4 | H37: 45330 | I37: none | K37: =IFERROR(VLOOKUP(B37,colony!$A:$T,16,FALSE()),"")
A38: ts37 | C38: personal | D38: M | E38: wt | F38: 45257 | G38: =IF(F38="","",ROUND((IF(H38="",TODAY(),H38)-F38)/7,1)) -> 10.4 | H38: 45330 | I38: none | K38: =IFERROR(VLOOKUP(B38,colony!$A:$T,16,FALSE()),"")
A39: ts38 | C39: personal | D39: M | E39: wt | F39: 45257 | G39: =IF(F39="","",ROUND((IF(H39="",TODAY(),H39)-F39)/7,1)) -> 10.4 | H39: 45330 | I39: none | K39: =IFERROR(VLOOKUP(B39,colony!$A:$T,16,FALSE()),"")
A40: ts39 | C40: personal | D40: M | E40: wt | F40: 45257 | G40: =IF(F40="","",ROUND((IF(H40="",TODAY(),H40)-F40)/7,1)) -> 12 | H40: 45341 | I40: none | K40: =IFERROR(VLOOKUP(B40,colony!$A:$T,16,FALSE()),"")
A41: ts40 | C41: personal | D41: M | E41: wt | F41: 45250 | G41: =IF(F41="","",ROUND((IF(H41="",TODAY(),H41)-F41)/7,1)) -> 13 | H41: 45341 | I41: none | K41: =IFERROR(VLOOKUP(B41,colony!$A:$T,16,FALSE()),"")
A42: ts41 | C42: personal | D42: M | E42: wt | F42: 45250 | G42: =IF(F42="","",ROUND((IF(H42="",TODAY(),H42)-F42)/7,1)) -> 13 | H42: 45341 | I42: none | K42: =IFERROR(VLOOKUP(B42,colony!$A:$T,16,FALSE()),"")
A43: ts42 | C43: personal | D43: M | E43: wt | F43: 45250 | G43: =IF(F43="","",ROUND((IF(H43="",TODAY(),H43)-F43)/7,1)) -> 13 | H43: 45341 | I43: none | K43: =IFERROR(VLOOKUP(B43,colony!$A:$T,16,FALSE()),"")
A44: ts43 | C44: personal | D44: M | E44: cagegfp | F44: 44991 | G44: =IF(F44="","",ROUND((IF(H44="",TODAY(),H44)-F44)/7,1)) -> 51.4 | H44: 45351 | I44: none | J44: CAG-EGFP 1 | K44: =IFERROR(VLOOKUP(B44,colony!$A:$T,16,FALSE()),"")
A45: ts44 | C45: personal | D45: M | E45: wt | F45: 45299 | G45: =IF(F45="","",ROUND((IF(H45="",TODAY(),H45)-F45)/7,1)) -> 7.4 | H45: 45351 | I45: none | K45: =IFERROR(VLOOKUP(B45,colony!$A:$T,16,FALSE()),"")
A46: ts45 | C46: personal | D46: M | E46: cagegfp | F46: 45287 | G46: =IF(F46="","",ROUND((IF(H46="",TODAY(),H46)-F46)/7,1)) -> 9.9 | H46: 45356 | I46: none | J46: CAG-EGFP 22 | K46: =IFERROR(VLOOKUP(B46,colony!$A:$T,16,FALSE()),"")
A47: ts46 | C47: personal | D47: M | E47: wt | F47: 45299 | G47: =IF(F47="","",ROUND((IF(H47="",TODAY(),H47)-F47)/7,1)) -> 8.3 | H47: 45357 | I47: none | K47: =IFERROR(VLOOKUP(B47,colony!$A:$T,16,FALSE()),"")
A48: ts47 | C48: personal | D48: M | E48: wt | F48: 45299 | G48: =IF(F48="","",ROUND((IF(H48="",TODAY(),H48)-F48)/7,1)) -> 8.3 | H48: 45357 | I48: none | K48: =IFERROR(VLOOKUP(B48,colony!$A:$T,16,FALSE()),"")
A49: ts48 | C49: personal | D49: M | E49: wt | F49: 45299 | G49: =IF(F49="","",ROUND((IF(H49="",TODAY(),H49)-F49)/7,1)) -> 8.4 | H49: 45358 | I49: none | K49: =IFERROR(VLOOKUP(B49,colony!$A:$T,16,FALSE()),"")
A50: ts49 | C50: personal | D50: M | E50: cagegfp | F50: 45287 | G50: =IF(F50="","",ROUND((IF(H50="",TODAY(),H50)-F50)/7,1)) -> 10.1 | H50: 45358 | I50: none | J50: CAG-EGFP ? | K50: =IFERROR(VLOOKUP(B50,colony!$A:$T,16,FALSE()),"")
A51: ts50 | C51: personal | D51: M | E51: cagegfp | F51: 45293 | G51: =IF(F51="","",ROUND((IF(H51="",TODAY(),H51)-F51)/7,1)) -> 9.4 | H51: 45359 | I51: none | J51: CAG-EGFP 21 | K51: =IFERROR(VLOOKUP(B51,colony!$A:$T,16,FALSE()),"")
A52: ts51 | C52: personal | D52: M | E52: cagegfp | F52: 45287 | G52: =IF(F52="","",ROUND((IF(H52="",TODAY(),H52)-F52)/7,1)) -> 11.3 | H52: 45366 | I52: none | J52: CAG-EGFP 18 | K52: =IFERROR(VLOOKUP(B52,colony!$A:$T,16,FALSE()),"")
A53: ts52 | C53: personal | D53: F | E53: cagegfp | F53: 45293 | G53: =IF(F53="","",ROUND((IF(H53="",TODAY(),H53)-F53)/7,1)) -> 11 | H53: 45370 | I53: none | J53: CAG-EGFP 23 | K53: =IFERROR(VLOOKUP(B53,colony!$A:$T,16,FALSE()),"")
A54: ts53 | C54: personal | D54: M | E54: wt | F54: 45313 | G54: =IF(F54="","",ROUND((IF(H54="",TODAY(),H54)-F54)/7,1)) -> 10 | H54: 45383 | I54: none | K54: =IFERROR(VLOOKUP(B54,colony!$A:$T,16,FALSE()),"")
A55: ts54 | C55: personal | D55: M | E55: wt | F55: 45313 | G55: =IF(F55="","",ROUND((IF(H55="",TODAY(),H55)-F55)/7,1)) -> 12.4 | H55: 45400 | I55: none | K55: =IFERROR(VLOOKUP(B55,colony!$A:$T,16,FALSE()),"")
A56: ts55 | C56: personal | D56: M | E56: wt | F56: 45313 | G56: =IF(F56="","",ROUND((IF(H56="",TODAY(),H56)-F56)/7,1)) -> 10.3 | H56: 45385 | I56: none | K56: =IFERROR(VLOOKUP(B56,colony!$A:$T,16,FALSE()),"")
A57: ts56 | C57: personal | D57: M | E57: wt | F57: 45313 | G57: =IF(F57="","",ROUND((IF(H57="",TODAY(),H57)-F57)/7,1)) -> 12 | H57: 45397 | I57: none | K57: =IFERROR(VLOOKUP(B57,colony!$A:$T,16,FALSE()),"")
A58: ts57 | C58: personal | D58: M | E58: wt | F58: 45313 | G58: =IF(F58="","",ROUND((IF(H58="",TODAY(),H58)-F58)/7,1)) -> 12 | H58: 45397 | I58: none | K58: =IFERROR(VLOOKUP(B58,colony!$A:$T,16,FALSE()),"")
A59: ts58 | C59: personal | D59: F | E59: wt | F59: 45313 | G59: =IF(F59="","",ROUND((IF(H59="",TODAY(),H59)-F59)/7,1)) -> 11.4 | H59: 45393 | I59: none | K59: =IFERROR(VLOOKUP(B59,colony!$A:$T,16,FALSE()),"")
A60: ts59 | C60: personal | D60: M | E60: wt | F60: 45313 | G60: =IF(F60="","",ROUND((IF(H60="",TODAY(),H60)-F60)/7,1)) -> 12.1 | H60: 45398 | I60: none | K60: =IFERROR(VLOOKUP(B60,colony!$A:$T,16,FALSE()),"")
A61: ts60 | C61: personal | D61: F | E61: wt | F61: 45313 | G61: =IF(F61="","",ROUND((IF(H61="",TODAY(),H61)-F61)/7,1)) -> 12.4 | H61: 45400 | I61: none | K61: =IFERROR(VLOOKUP(B61,colony!$A:$T,16,FALSE()),"")
A62: ts61 | C62: personal | D62: M | E62: cagegfp | F62: 45336 | G62: =IF(F62="","",ROUND((IF(H62="",TODAY(),H62)-F62)/7,1)) -> 9.1 | H62: 45400 | I62: none | J62: CAG-EGFP 27 | K62: =IFERROR(VLOOKUP(B62,colony!$A:$T,16,FALSE()),"")
A63: ts62 | C63: personal | D63: M | E63: cagegfp | F63: 45336 | G63: =IF(F63="","",ROUND((IF(H63="",TODAY(),H63)-F63)/7,1)) -> 10.1 | H63: 45407 | I63: none | J63: CAG-EGFP 26 | K63: =IFERROR(VLOOKUP(B63,colony!$A:$T,16,FALSE()),"")
A64: ts63 | C64: personal | D64: M | E64: cagegfp | F64: 45357 | G64: =IF(F64="","",ROUND((IF(H64="",TODAY(),H64)-F64)/7,1)) -> 8.1 | H64: 45414 | I64: none | J64: CAG-EGFP 29 | K64: =IFERROR(VLOOKUP(B64,colony!$A:$T,16,FALSE()),"")
A65: ts64 | C65: personal | D65: F | E65: 5xfad_aqp4ko | G65: =IF(F65="","",ROUND((IF(H65="",TODAY(),H65)-F65)/7,1)) | H65: 45422 | I65: none | J65: From Abe sensei | K65: =IFERROR(VLOOKUP(B65,colony!$A:$T,16,FALSE()),"")
A66: ts65 | C66: personal | D66: F | E66: 5xfad_aqp4ko | G66: =IF(F66="","",ROUND((IF(H66="",TODAY(),H66)-F66)/7,1)) | H66: 45422 | I66: none | J66: From Abe sensei | K66: =IFERROR(VLOOKUP(B66,colony!$A:$T,16,FALSE()),"")
A67: ts66 | C67: personal | D67: F | E67: 5xfad_aqp4ko | G67: =IF(F67="","",ROUND((IF(H67="",TODAY(),H67)-F67)/7,1)) | H67: 45422 | I67: none | J67: From Abe sensei | K67: =IFERROR(VLOOKUP(B67,colony!$A:$T,16,FALSE()),"")
A68: ts67 | C68: personal | D68: F | E68: wt | F68: 45313 | G68: =IF(F68="","",ROUND((IF(H68="",TODAY(),H68)-F68)/7,1)) -> 19 | H68: 45446 | I68: none | K68: =IFERROR(VLOOKUP(B68,colony!$A:$T,16,FALSE()),"")
A69: ts68 | C69: personal | D69: F | E69: 5xfad_aqp4ko | G69: =IF(F69="","",ROUND((IF(H69="",TODAY(),H69)-F69)/7,1)) | H69: 45433 | I69: none | J69: From Abe sensei | K69: =IFERROR(VLOOKUP(B69,colony!$A:$T,16,FALSE()),"")
A70: ts69 | C70: personal | D70: F | E70: 5xfad_aqp4ko | G70: =IF(F70="","",ROUND((IF(H70="",TODAY(),H70)-F70)/7,1)) | H70: 45433 | I70: none | J70: From Abe sensei | K70: =IFERROR(VLOOKUP(B70,colony!$A:$T,16,FALSE()),"")
A71: ts70 | C71: personal | D71: F | E71: wt | F71: 45313 | G71: =IF(F71="","",ROUND((IF(H71="",TODAY(),H71)-F71)/7,1)) -> 17.1 | H71: 45433 | I71: none | K71: =IFERROR(VLOOKUP(B71,colony!$A:$T,16,FALSE()),"")
A72: ts71 | C72: personal | D72: F | E72: wt | F72: 45314 | G72: =IF(F72="","",ROUND((IF(H72="",TODAY(),H72)-F72)/7,1)) -> 17.1 | H72: 45434 | I72: none | J72: wt 29 | K72: =IFERROR(VLOOKUP(B72,colony!$A:$T,16,FALSE()),"")
A73: ts72 | C73: personal | D73: M | E73: wt | F73: 45324 | G73: =IF(F73="","",ROUND((IF(H73="",TODAY(),H73)-F73)/7,1)) -> 17.4 | H73: 45446 | I73: none | J73: wt 16 | K73: =IFERROR(VLOOKUP(B73,colony!$A:$T,16,FALSE()),"")
A74: ts73 | C74: personal | D74: M | E74: wt | F74: 45324 | G74: =IF(F74="","",ROUND((IF(H74="",TODAY(),H74)-F74)/7,1)) -> 17.4 | H74: 45446 | I74: none | J74: wt 17 | K74: =IFERROR(VLOOKUP(B74,colony!$A:$T,16,FALSE()),"")
A75: ts74 | C75: personal | D75: M | E75: cagegfp | F75: 45357 | G75: =IF(F75="","",ROUND((IF(H75="",TODAY(),H75)-F75)/7,1)) -> 12.7 | H75: 45446 | I75: none | J75: CAG-EGFP 30 | K75: =IFERROR(VLOOKUP(B75,colony!$A:$T,16,FALSE()),"")
A76: ts75 | C76: personal | D76: M | E76: cagegfp | F76: 45357 | G76: =IF(F76="","",ROUND((IF(H76="",TODAY(),H76)-F76)/7,1)) -> 118.6 | I76: none | J76: CAG-EGFP 31 | K76: =IFERROR(VLOOKUP(B76,colony!$A:$T,16,FALSE()),"")
A77: ts76 | C77: personal | D77: M | E77: cagegfp | F77: 45357 | G77: =IF(F77="","",ROUND((IF(H77="",TODAY(),H77)-F77)/7,1)) -> 118.6 | I77: none | J77: CAG-EGFP 32 | K77: =IFERROR(VLOOKUP(B77,colony!$A:$T,16,FALSE()),"")
A78: ts77 | C78: personal | D78: M | E78: wt | F78: 45324 | G78: =IF(F78="","",ROUND((IF(H78="",TODAY(),H78)-F78)/7,1)) -> 23 | H78: 45485 | I78: none | J78: wt 19 | K78: =IFERROR(VLOOKUP(B78,colony!$A:$T,16,FALSE()),"")
A79: ts78 | C79: personal | D79: M | E79: wt | F79: 45324 | G79: =IF(F79="","",ROUND((IF(H79="",TODAY(),H79)-F79)/7,1)) -> 23 | H79: 45485 | I79: none | J79: wt 20 | K79: =IFERROR(VLOOKUP(B79,colony!$A:$T,16,FALSE()),"")
A80: ts79 | C80: personal | D80: F | E80: cagegfp | F80: 45357 | G80: =IF(F80="","",ROUND((IF(H80="",TODAY(),H80)-F80)/7,1)) -> 118.6 | I80: none | J80: CAG-EGFP 33 | K80: =IFERROR(VLOOKUP(B80,colony!$A:$T,16,FALSE()),"")
A81: ts80 | C81: personal | D81: F | E81: cagegfp | F81: 45359 | G81: =IF(F81="","",ROUND((IF(H81="",TODAY(),H81)-F81)/7,1)) -> 118.3 | I81: none | J81: CAG-EGFP 36 | K81: =IFERROR(VLOOKUP(B81,colony!$A:$T,16,FALSE()),"")
A82: ts81 | C82: personal | D82: F | E82: cagegfp | F82: 45360 | G82: =IF(F82="","",ROUND((IF(H82="",TODAY(),H82)-F82)/7,1)) -> 118.1 | I82: none | J82: CAG-EGFP 37 | K82: =IFERROR(VLOOKUP(B82,colony!$A:$T,16,FALSE()),"")
A83: ts82 | C83: personal | D83: F | E83: 5xfad_aqp4ko | F83: 45086 | G83: =IF(F83="","",ROUND((IF(H83="",TODAY(),H83)-F83)/7,1)) -> 52.3 | H83: 45452 | I83: other | J83: From Abe sensei 940-944 | K83: =IFERROR(VLOOKUP(B83,colony!$A:$T,16,FALSE()),"")
A84: ts83 | C84: personal | D84: M | E84: wt | F84: 45324 | G84: =IF(F84="","",ROUND((IF(H84="",TODAY(),H84)-F84)/7,1)) -> 19.4 | H84: 45460 | I84: none | J84: wt 21 | K84: =IFERROR(VLOOKUP(B84,colony!$A:$T,16,FALSE()),"")
A85: ts84 | C85: personal | D85: F | E85: wt | F85: 45324 | G85: =IF(F85="","",ROUND((IF(H85="",TODAY(),H85)-F85)/7,1)) -> 18.3 | H85: 45452 | I85: other | J85: wt | K85: =IFERROR(VLOOKUP(B85,colony!$A:$T,16,FALSE()),"")
A86: ts85 | C86: personal | D86: M | E86: wt | F86: 45410 | G86: =IF(F86="","",ROUND((IF(H86="",TODAY(),H86)-F86)/7,1)) -> 12.3 | H86: 45496 | I86: none | J86: wt 37 | K86: =IFERROR(VLOOKUP(B86,colony!$A:$T,16,FALSE()),"")
A87: ts86 | C87: personal | D87: M | E87: 5xfad | F87: 45235 | G87: =IF(F87="","",ROUND((IF(H87="",TODAY(),H87)-F87)/7,1)) -> 37.4 | H87: 45497 | I87: none | J87: 5xFAD 5 | K87: =IFERROR(VLOOKUP(B87,colony!$A:$T,16,FALSE()),"")
A88: ts87 | C88: personal | D88: M | E88: 5xfad | F88: 45235 | G88: =IF(F88="","",ROUND((IF(H88="",TODAY(),H88)-F88)/7,1)) -> 37.4 | H88: 45497 | I88: none | J88: 5xFAD 7 | K88: =IFERROR(VLOOKUP(B88,colony!$A:$T,16,FALSE()),"")
A89: ts88 | C89: personal | D89: M | E89: 5xfad | F89: 45235 | G89: =IF(F89="","",ROUND((IF(H89="",TODAY(),H89)-F89)/7,1)) -> 37.6 | H89: 45498 | I89: none | J89: 5xFAD 8 | K89: =IFERROR(VLOOKUP(B89,colony!$A:$T,16,FALSE()),"")
A90: ts89 | C90: personal | D90: M | E90: 5xfad | F90: 45235 | G90: =IF(F90="","",ROUND((IF(H90="",TODAY(),H90)-F90)/7,1)) -> 37.6 | H90: 45498 | I90: none | J90: 5xFAD 9 | K90: =IFERROR(VLOOKUP(B90,colony!$A:$T,16,FALSE()),"")
A91: ts90 | C91: personal | D91: M | E91: 5xfad | F91: 45238 | G91: =IF(F91="","",ROUND((IF(H91="",TODAY(),H91)-F91)/7,1)) -> 37.1 | H91: 45498 | I91: none | J91: 5xFAD 30 | K91: =IFERROR(VLOOKUP(B91,colony!$A:$T,16,FALSE()),"")
A92: ts91 | C92: personal | D92: M | E92: wt | F92: 45410 | G92: =IF(F92="","",ROUND((IF(H92="",TODAY(),H92)-F92)/7,1)) -> 17.1 | H92: 45530 | I92: other | J92: wt 33 | K92: =IFERROR(VLOOKUP(B92,colony!$A:$T,16,FALSE()),"")
A93: ts92 | C93: personal | D93: M | E93: wt | F93: 45439 | G93: =IF(F93="","",ROUND((IF(H93="",TODAY(),H93)-F93)/7,1)) -> 9.1 | H93: 45503 | I93: other | J93: wt | K93: =IFERROR(VLOOKUP(B93,colony!$A:$T,16,FALSE()),"")
A94: ts93 | C94: personal | D94: M | E94: 5xfad_aqp4ko | F94: 45403 | G94: =IF(F94="","",ROUND((IF(H94="",TODAY(),H94)-F94)/7,1)) -> 37.4 | H94: 45665 | I94: other | J94: 5xFAD/AQP4KO 28 | K94: =IFERROR(VLOOKUP(B94,colony!$A:$T,16,FALSE()),"")
... A98: ts97 | C98: personal | D98: M | E98: 5xfad_aqp4ko | F98: 45403 | G98: =IF(F98="","",ROUND((IF(H98="",TODAY(),H98)-F98)/7,1)) -> 24.7 | H98: 45576 | I98: other | J98: 5xFAD/AQP4KO 31 | K98: =IFERROR(VLOOKUP(B98,colony!$A:$T,16,FALSE()),"")
A99: ts98 | C99: personal | D99: M | E99: wt | F99: 45453 | G99: =IF(F99="","",ROUND((IF(H99="",TODAY(),H99)-F99)/7,1)) -> 10.1 | H99: 45524 | J99: wt 56 | K99: =IFERROR(VLOOKUP(B99,colony!$A:$T,16,FALSE()),"")
A100: ts99 | C100: personal | D100: M | E100: wt | F100: 45453 | G100: =IF(F100="","",ROUND((IF(H100="",TODAY(),H100)-F100)/7,1)) -> 10.4 | H100: 45526 | J100: wt 57 | K100: =IFERROR(VLOOKUP(B100,colony!$A:$T,16,FALSE()),"")
A101: ts100 | C101: personal | D101: M | E101: wt | F101: 45439 | G101: =IF(F101="","",ROUND((IF(H101="",TODAY(),H101)-F101)/7,1)) -> 14.4 | H101: 45540 | J101: wt 43 | K101: =IFERROR(VLOOKUP(B101,colony!$A:$T,16,FALSE()),"")
A102: ts101 | C102: personal | D102: M | E102: wt | F102: 45439 | G102: =IF(F102="","",ROUND((IF(H102="",TODAY(),H102)-F102)/7,1)) -> 14.4 | H102: 45540 | J102: wt 44 | K102: =IFERROR(VLOOKUP(B102,colony!$A:$T,16,FALSE()),"")
A103: ts102 | C103: personal | D103: M | E103: wt | F103: 45439 | G103: =IF(F103="","",ROUND((IF(H103="",TODAY(),H103)-F103)/7,1)) -> 14.4 | H103: 45540 | J103: wt 45 | K103: =IFERROR(VLOOKUP(B103,colony!$A:$T,16,FALSE()),"")
A104: ts103 | C104: personal | D104: M | E104: wt | F104: 45439 | G104: =IF(F104="","",ROUND((IF(H104="",TODAY(),H104)-F104)/7,1)) -> 14.4 | H104: 45540 | J104: wt 46 | K104: =IFERROR(VLOOKUP(B104,colony!$A:$T,16,FALSE()),"")
A105: ts104 | C105: personal | D105: M | E105: wt | F105: 45439 | G105: =IF(F105="","",ROUND((IF(H105="",TODAY(),H105)-F105)/7,1)) -> 14.4 | H105: 45540 | J105: wt 47 | K105: =IFERROR(VLOOKUP(B105,colony!$A:$T,16,FALSE()),"")
A106: ts105 | C106: personal | D106: M | E106: wt | F106: 45439 | G106: =IF(F106="","",ROUND((IF(H106="",TODAY(),H106)-F106)/7,1)) -> 14.4 | H106: 45540 | J106: wt 48 | K106: =IFERROR(VLOOKUP(B106,colony!$A:$T,16,FALSE()),"")
A107: ts106 | C107: personal | D107: F | E107: wt | F107: 45410 | G107: =IF(F107="","",ROUND((IF(H107="",TODAY(),H107)-F107)/7,1)) -> 19.3 | H107: 45545 | J107: wt 40 | K107: =IFERROR(VLOOKUP(B107,colony!$A:$T,16,FALSE()),"")
A108: ts107 | C108: personal | D108: F | E108: wt | F108: 45410 | G108: =IF(F108="","",ROUND((IF(H108="",TODAY(),H108)-F108)/7,1)) -> 19.3 | H108: 45545 | J108: wt 41 | K108: =IFERROR(VLOOKUP(B108,colony!$A:$T,16,FALSE()),"")
...

Sheet enrollments
A1: mouse_id | B1: project_id | C1: enroll_date | D1: role | E1: exp_status | F1: notes

Sheet procedures
A1: procedure_id | B1: mouse_id | C1: procedure_type | D1: procedure_date | E1: series_id | F1: session_no | G1: operator | H1: anesthesia | I1: analgesia | J1: construct | K1: route | L1: site1_hemi | M1: site1_region | N1: site1_ap | O1: site1_ml | P1: site1_dv | Q1: outcome | R1: notebook_scan | S1: notes
A2: pr-ts1-01 | B2: ts1 | C2: cranial_window | D2: 44720 | G2: ts | S2: チャンバーづけ
A3: pr-ts2-01 | B3: ts2 | C3: cranial_window | D3: 44721 | G3: ts | S3: チャンバーづけ
A4: pr-ts3-01 | B4: ts3 | C4: other | D4: 44876 | G4: ts | S4: FastBlue
A5: pr-ts4-01 | B5: ts4 | C5: CM_injection | D5: 44882 | G5: ts | S5: CM Catheter
A6: pr-ts4-02 | B6: ts4 | C6: cranial_window | D6: 44882 | G6: ts | S6: チャンバーづけ
A7: pr-ts5-01 | B7: ts5 | C7: CM_injection | D7: 44886 | G7: ts | S7: CM Catheter
A8: pr-ts5-02 | B8: ts5 | C8: cranial_window | D8: 44886 | G8: ts | S8: チャンバーづけ
A9: pr-ts6-01 | B9: ts6 | C9: CM_injection | D9: 44886 | G9: ts | S9: CM Catheter
A10: pr-ts6-02 | B10: ts6 | C10: cranial_window | D10: 44886 | G10: ts | S10: チャンバーづけ
A11: pr-ts7-01 | B11: ts7 | C11: CM_injection | D11: 44890 | G11: ts | S11: CM Catheter
A12: pr-ts7-02 | B12: ts7 | C12: cranial_window | D12: 44890 | G12: ts | S12: チャンバーづけ
A13: pr-ts8-01 | B13: ts8 | C13: CM_injection | D13: 44890 | G13: ts | S13: CM Catheter
... A135: pr-ts90-01 | B135: ts90 | C135: CSF_collection | D135: 45498 | G135: ts | S135: CSF Collection
A136: pr-ts91-01 | B136: ts91 | C136: viral_injection | D136: 45499 | G136: ts | J136: hsyn-EGFP | S136: AAV injection
A137: pr-ts91-02 | B137: ts91 | C137: cranial_window | D137: 45513 | G137: ts | S137: チャンバーづけ
A138: pr-ts92-01 | B138: ts92 | C138: imaging | D138: 45502 | G138: ts | S138: Fluometirc experiment
A139: pr-ts93-01 | B139: ts93 | C139: viral_injection | D139: 45504 | G139: ts | J139: hsyn-EGFP | S139: AAV injection
A140: pr-ts94-01 | B140: ts94 | C140: viral_injection | D140: 45506 | G140: ts | J140: hsyn-EGFP | S140: AAV injection
A141: pr-ts94-02 | B141: ts94 | C141: cranial_window | D141: 45541 | G141: ts | S141: チャンバーづけ
A142: pr-ts95-01 | B142: ts95 | C142: viral_injection | D142: 45509 | G142: ts | J142: hsyn-EGFP | S142: AAV injection
A143: pr-ts96-01 | B143: ts96 | C143: viral_injection | D143: 45510 | G143: ts | J143: hsyn-EGFP | S143: AAV injection
A144: pr-ts96-02 | B144: ts96 | C144: cranial_window | D144: 45548 | G144: ts | S144: チャンバーづけ
A145: pr-ts97-01 | B145: ts97 | C145: viral_injection | D145: 45510 | G145: ts | J145: hsyn-EGFP | S145: AAV injection
A146: pr-ts97-02 | B146: ts97 | C146: cranial_window | D146: 45575 | G146: ts | S146: チャンバーづけ
A147: pr-ts98-01 | B147: ts98 | C147: imaging | D147: 45524 | G147: ts | S147: Fluometirc experiment
A148: pr-ts99-01 | B148: ts99 | C148: imaging | D148: 45526 | G148: ts | S148: Fluometirc experiment
A149: pr-ts100-01 | B149: ts100 | C149: other | D149: 45540 | G149: ts | S149: water intoxication
A150: pr-ts101-01 | B150: ts101 | C150: other | D150: 45540 | G150: ts | S150: water intoxication
A151: pr-ts102-01 | B151: ts102 | C151: other | D151: 45540 | G151: ts | S151: water intoxication
A152: pr-ts103-01 | B152: ts103 | C152: other | D152: 45540 | G152: ts | S152: water intoxication
A153: pr-ts104-01 | B153: ts104 | C153: other | D153: 45540 | G153: ts | S153: water intoxication
A154: pr-ts105-01 | B154: ts105 | C154: other | D154: 45540 | G154: ts | S154: water intoxication
A155: pr-ts106-01 | B155: ts106 | C155: imaging | D155: 45545 | G155: ts | S155: Fluometric measurement
A156: pr-ts107-01 | B156: ts107 | C156: imaging | D156: 45545 | G156: ts | S156: Fluometric measurement
A157: pr-ts108-01 | B157: ts108 | C157: PoRTs_window | D157: 45545 | G157: ts | S157: PoRTs window
... A221: pr-ts164-01 | B221: ts164 | C221: tissue_clearing | D221: 45667 | G221: ts | S221: Tissue clearing
A222: pr-ts165-01 | B222: ts165 | C222: viral_injection | D222: 45671 | G222: ts | J222: hsyn-EGFP | S222: AAV injection
A223: pr-ts165-02 | B223: ts165 | C223: cranial_window | D223: 45693 | G223: ts | S223: チャンバーづけ
A224: pr-ts166-01 | B224: ts166 | C224: femoral_catheter | D224: 45672 | G224: ts | S224: Femoral vein cathter
A225: pr-ts167-01 | B225: ts167 | C225: femoral_catheter | D225: 45674 | G225: ts | S225: Femoral vein cathter
A226: pr-ts168-01 | B226: ts168 | C226: femoral_catheter | D226: 45677 | G226: ts | S226: Femoral vein cathter
A227: pr-ts168-02 | B227: ts168 | C227: cranial_window | D227: 45677 | G227: ts | S227: チャンバーづけ
A228: pr-ts169-01 | B228: ts169 | C228: other | D228: 45680 | G228: ts | S228: DB53 test
A229: pr-ts170-01 | B229: ts170 | C229: PoRTs_window | D229: 45684 | G229: ts | S229: PoRTs window
A230: pr-ts171-01 | B230: ts171 | C230: other | D230: 45684 | G230: ts | S230: KX test
A231: pr-ts172-01 | B231: ts172 | C231: other | D231: 45684 | G231: ts | S231: KX test
A232: pr-ts173-01 | B232: ts173 | C232: PoRTs_window | D232: 45685 | G232: ts | S232: PoRTs window
A233: pr-ts186-01 | B233: ts186 | C233: PoRTs_window | D233: 45693 | G233: ts | S233: PoRTs window
A234: pr-ts187-01 | B234: ts187 | C234: PoRTs_window | D234: 45694 | G234: ts | S234: PoRTs window
... A301: pr-ts253-02 | B301: ts253 | C301: cranial_window | D301: 45950 | G301: ts | S301: チャンバーづけ
A302: pr-ts254-01 | B302: ts254 | C302: viral_injection | D302: 45951 | G302: ts | J302: AAV-AST CMVenhancer-hGfaABC1D-GFP-Wpre | S302: AAV-AST test
A303: pr-ts254-02 | B303: ts254 | C303: cranial_window | D303: 45982 | G303: ts | S303: チャンバーづけ
A304: pr-ts255-01 | B304: ts255 | C304: viral_injection | D304: 45951 | G304: ts | J304: AAV-AST2: CMVenhancer-hGfaABC1D-GFP-Wpre | S304: AAV-AST test
A305: pr-ts256-01 | B305: ts256 | C305: viral_injection | D305: 45951 | G305: ts | J305: AAV-AST2: mGfaABC1D-mCherry-Wpre | S305: AAV-AST test
A306: pr-ts257-01 | B306: ts257 | C306: viral_injection | D306: 45951 | G306: ts | S306: AAV-AST test
A307: pr-ts257-02 | B307: ts257 | C307: cranial_window | D307: 45982 | G307: ts | S307: チャンバーづけ
A308: pr-ts258-01 | B308: ts258 | C308: imaging | D308: 45988 | G308: ts | S308: ear
A309: pr-ts259-01 | B309: ts259 | C309: imaging | D309: 45988 | G309: ts | S309: ear
A310: pr-ts260-01 | B310: ts260 | C310: imaging | D310: 45989 | G310: ts | S310: ear
A311: pr-ts262-01 | B311: ts262 | C311: cranial_window | D311: 46008 | G311: ts | S311: チャンバーづけ
A312: pr-ts263-01 | B312: ts263 | C312: cranial_window | D312: 46008 | G312: ts | S312: チャンバーづけ
A313: pr-ts264-01 | B313: ts264 | C313: other | D313: 46042 | G313: ts | S313: jagular vein test
A314: pr-ts264-02 | B314: ts264 | C314: cranial_window | D314: 46042 | G314: ts | S314: チャンバーづけ
A315: pr-ts265-01 | B315: ts265 | C315: other | D315: 46044 | G315: ts | S315: jagular vein test
A316: pr-ts265-02 | B316: ts265 | C316: cranial_window | D316: 46044 | G316: ts | S316: チャンバーづけ
A317: pr-ts266-01 | B317: ts266 | C317: other | D317: 46044 | G317: ts | S317: jagular vein test
... A322: pr-ts269-02 | B322: ts269 | C322: cranial_window | D322: 46048 | G322: ts | S322: チャンバーづけ
A323: pr-ts270-01 | B323: ts270 | C323: viral_injection | D323: 46050 | G323: ts | J323: AAV-AST CMVenhancer-hGfaABC1D-GFP-Wpre | S323: AAV-AST test
A324: pr-ts271-01 | B324: ts271 | C324: viral_injection | D324: 46050 | G324: ts | J324: AAV-AST2: CMVenhancer-hGfaABC1D-GFP-Wpre | S324: AAV-AST test
A325: pr-ts272-01 | B325: ts272 | C325: viral_injection | D325: 46050 | G325: ts | J325: AAV-AST2: mGfaABC1D-mCherry-Wpre | S325: AAV-AST test
A326: pr-ts273-01 | B326: ts273 | C326: PoRTs_window | D326: 46051 | G326: ts | S326: PoRTs window
A327: pr-ts274-01 | B327: ts274 | C327: cranial_window | D327: 46052 | G327: ts | S327: chamber
A328: pr-ts275-01 | B328: ts275 | C328: other | D328: 46063 | G328: ts | S328: jagular vein test
A329: pr-ts275-02 | B329: ts275 | C329: cranial_window | D329: 46063 | G329: ts | S329: チャンバーづけ
A330: pr-ts276-01 | B330: ts276 | C330: other | D330: 46066 | G330: ts | S330: jagular vein test
A331: pr-ts276-02 | B331: ts276 | C331: cranial_window | D331: 46066 | G331: ts | S331: チャンバーづけ
A332: pr-ts277-01 | B332: ts277 | C332: other | D332: 46071 | G332: ts | S332: jagular vein test
A333: pr-ts277-02 | B333: ts277 | C333: cranial_window | D333: 46071 | G333: ts | S333: チャンバーづけ
A334: pr-ts278-01 | B334: ts278 | C334: other | D334: 46073 | G334: ts | S334: jagular vein test
A335: pr-ts278-02 | B335: ts278 | C335: cranial_window | D335: 46073 | G335: ts | S335: チャンバーづけ
A336: pr-ts279-01 | B336: ts279 | C336: other | D336: 46073 | G336: ts | S336: jagular vein test
A337: pr-ts279-02 | B337: ts279 | C337: cranial_window | D337: 46073 | G337: ts | S337: チャンバーづけ
... A359: pr-sk13-01 | B359: sk13 | C359: cranial_window | D359: 46128 | G359: sk | S359: windowつけ
A360: pr-sk14-01 | B360: sk14 | C360: viral_injection | D360: 46128 | G360: sk | J360: AAV1-hSyn-soma-GCamp8s | S360: aav injection
A361: pr-sk15-01 | B361: sk15 | C361: cranial_window | D361: 46132 | G361: sk | S361: windowつけ
A362: pr-sk16-01 | B362: sk16 | C362: viral_injection | D362: 46133 | G362: sk | J362: AAV1-hSyn-soma-GCamp8s(1/3) | S362: aav injection
A363: pr-sk17-01 | B363: sk17 | C363: viral_injection | D363: 46134 | G363: sk | J363: AAV1-hSyn-soma-GCamp8s(1/3) | S363: aav injection
A364: pr-sk18-01 | B364: sk18 | C364: CM_injection | D364: 46140 | G364: sk | S364: 大槽内投与
A365: pr-sk19-01 | B365: sk19 | C365: CM_injection | D365: 46140 | G365: sk | S365: 大槽内投与
A366: pr-sk20-01 | B366: sk20 | C366: cranial_window | D366: 46142 | G366: sk | S366: windowつけ
A367: pr-sk21-01 | B367: sk21 | C367: cranial_window | D367: 46149 | G367: sk | S367: windowつけ
A368: pr-sk22-01 | B368: sk22 | C368: cranial_window | D368: 46154 | G368: sk | S368: windowつけ
A369: pr-sk23-01 | B369: sk23 | C369: cranial_window | D369: 46156 | G369: sk | S369: windowつけ
A370: pr-sk24-01 | B370: sk24 | C370: cranial_window | D370: 46156 | G370: sk | S370: windowつけ
A371: pr-sk25-01 | B371: sk25 | C371: viral_injection | D371: 46170 | G371: sk | J371: AAV1-hSyn-soma-GCamp8s(1/3) | S371: aav injection
A372: pr-sk26-01 | B372: sk26 | C372: cranial_window | D372: 46174 | G372: sk | S372: windowつけ
A373: pr-sk27-01 | B373: sk27 | C373: viral_injection | D373: 46175 | G373: sk | J373: AAV1-hSyn-soma-GCamp8s(1/3) | S373: aav injection
A374: pr-sk28-01 | B374: sk28 | C374: viral_injection | D374: 46175 | G374: sk | J374: AAV1-hSyn-soma-GCamp8s(1/3) | S374: aav injection
A375: pr-sk29-01 | B375: sk29 | C375: viral_injection | D375: 46177 | G375: sk | J375: AAV1-hSyn-soma-GCamp8s(1/3) | S375: aav injection
...

Sheet matings
A1: mating_id | B1: line_id | C1: sire_id | D1: dam_id | E1: pair_start_date | F1: litter_dob | G1: litter_id | H1: n_pups | I1: n_male | J1: n_female | K1: status | L1: notes
